lot	family	path	base_lines	base_prose_lines	current_prose_lines
L00	00 — Pilote spawner déjà préparé	runtime/lib/fleet/spawner.ex	827	399	149
L00	00 — Pilote spawner déjà préparé	runtime/lib/fleet/spawner/pod.ex	1482	437	88
L00	00 — Pilote spawner déjà préparé	runtime/lib/fleet/spawner/supervisor.ex	46	25	6
L01	01 — Spawner : cycle de vie et supervision	runtime/lib/fleet/spawner/application.ex	101	22	22
L01	01 — Spawner : cycle de vie et supervision	runtime/lib/fleet/spawner/canon_proof.ex	142	27	27
L01	01 — Spawner : cycle de vie et supervision	runtime/lib/fleet/spawner/permanent_boot.ex	251	92	92
L01	01 — Spawner : cycle de vie et supervision	runtime/lib/fleet/spawner/permanent_warden.ex	318	76	76
L01	01 — Spawner : cycle de vie et supervision	runtime/test/fleet/spawner/canon_proof_test.exs	73	14	14
L01	01 — Spawner : cycle de vie et supervision	runtime/test/fleet/spawner/permanent_boot_test.exs	442	57	57
L01	01 — Spawner : cycle de vie et supervision	runtime/test/fleet/spawner/permanent_warden_test.exs	314	54	54
L01	01 — Spawner : cycle de vie et supervision	runtime/test/fleet/spawner_test.exs	814	143	143
L01	01 — Spawner : cycle de vie et supervision	runtime/test/support/spawner/launch_stub.ex	32	0	0
L01	01 — Spawner : cycle de vie et supervision	runtime/test/support/spawner/mcp_socket_stub.ex	29	16	16
L02	01 — Spawner : cycle de vie et supervision	runtime/lib/fleet/spawner/pod/backend.ex	125	32	32
L02	01 — Spawner : cycle de vie et supervision	runtime/lib/fleet/spawner/pod/fs.ex	26	8	8
L02	01 — Spawner : cycle de vie et supervision	runtime/lib/fleet/spawner/pod/paths.ex	92	36	36
L02	01 — Spawner : cycle de vie et supervision	runtime/lib/fleet/spawner/pod_tmux.ex	243	92	92
L02	01 — Spawner : cycle de vie et supervision	runtime/lib/fleet/spawner/pod_warden.ex	237	52	52
L02	01 — Spawner : cycle de vie et supervision	runtime/lib/fleet/spawner/publish_consumer.ex	212	26	26
L02	01 — Spawner : cycle de vie et supervision	runtime/test/fleet/spawner/pod_test.exs	2781	440	440
L02	01 — Spawner : cycle de vie et supervision	runtime/test/fleet/spawner/pod_tmux_test.exs	126	26	26
L02	01 — Spawner : cycle de vie et supervision	runtime/test/fleet/spawner/pod_warden_gc_test.exs	104	14	14
L02	01 — Spawner : cycle de vie et supervision	runtime/test/fleet/spawner/pod_warden_test.exs	237	34	34
L02	01 — Spawner : cycle de vie et supervision	runtime/test/fleet/spawner/publish_consumer_test.exs	446	59	59
L02	01 — Spawner : cycle de vie et supervision	runtime/test/fleet/spawner/quiesce_gate_test.exs	80	18	18
L03	01 — Spawner : cycle de vie et supervision	runtime/test/fleet/spawner/restart_strategy_test.exs	17	5	5
L03	01 — Spawner : cycle de vie et supervision	runtime/test/fleet/spawner/seam_defaults_test.exs	45	29	29
L04	02 — Spawner : provisioning et lancement	runtime/lib/fleet/spawner/launch_backend.ex	46	20	20
L04	02 — Spawner : provisioning et lancement	runtime/lib/fleet/spawner/launch_backend/launcher_port_backend.ex	101	27	27
L04	02 — Spawner : provisioning et lancement	runtime/lib/fleet/spawner/mcp_socket_provisioner.ex	53	36	36
L04	02 — Spawner : provisioning et lancement	runtime/lib/fleet/spawner/pod/assets.ex	258	107	107
L04	02 — Spawner : provisioning et lancement	runtime/lib/fleet/spawner/pod/brief.ex	169	75	75
L04	02 — Spawner : provisioning et lancement	runtime/test/fleet/spawner/bwrap_launch_contract_test.exs	55	16	16
L04	02 — Spawner : provisioning et lancement	runtime/test/fleet/spawner/launch_backend/launcher_port_backend_test.exs	100	10	10
L04	02 — Spawner : provisioning et lancement	runtime/test/fleet/spawner/launch_backend_test.exs	41	5	5
L04	02 — Spawner : provisioning et lancement	runtime/test/fleet/spawner/pod/assets_protocol_test.exs	110	21	21
L04	02 — Spawner : provisioning et lancement	runtime/test/fleet/spawner/pod/assets_settings_test.exs	53	12	12
L04	02 — Spawner : provisioning et lancement	runtime/test/fleet/spawner/pod/brief_test.exs	43	4	4
L05	02 — Spawner : provisioning et lancement	runtime/lib/fleet/spawner/pod/egress.ex	504	193	193
L05	02 — Spawner : provisioning et lancement	runtime/lib/fleet/spawner/pod/egress/vendor.ex	79	41	41
L05	02 — Spawner : provisioning et lancement	runtime/lib/fleet/spawner/pod/launch_env.ex	295	124	124
L05	02 — Spawner : provisioning et lancement	runtime/lib/fleet/spawner/pod/launch_spec.ex	754	305	305
L05	02 — Spawner : provisioning et lancement	runtime/test/fleet/spawner/pod/egress_test.exs	527	90	90
L05	02 — Spawner : provisioning et lancement	runtime/test/fleet/spawner/pod/launch_spec_compression_test.exs	103	24	24
L05	02 — Spawner : provisioning et lancement	runtime/test/fleet/spawner/pod/launch_spec_debug_test.exs	76	12	12
L05	02 — Spawner : provisioning et lancement	runtime/test/fleet/spawner/pod/launch_spec_test.exs	559	97	97
L06	02 — Spawner : provisioning et lancement	runtime/lib/fleet/spawner/pod/mcp_provision.ex	237	104	104
L06	02 — Spawner : provisioning et lancement	runtime/lib/fleet/spawner/pod/scaffold.ex	265	104	104
L06	02 — Spawner : provisioning et lancement	runtime/lib/fleet/spawner/pod/session_files.ex	98	42	42
L06	02 — Spawner : provisioning et lancement	runtime/test/fleet/spawner/pod/mcp_provision_test.exs	33	5	5
L06	02 — Spawner : provisioning et lancement	runtime/test/fleet/spawner/pod/scaffold_enrich_test.exs	117	16	16
L06	02 — Spawner : provisioning et lancement	runtime/test/fleet/spawner/pod_skills_plugins_test.exs	58	10	10
L07	03 — Spawner : identité et persistance	runtime/lib/fleet/spawner/boot_epoch.ex	38	7	7
L07	03 — Spawner : identité et persistance	runtime/lib/fleet/spawner/pod/recovery.ex	59	27	27
L07	03 — Spawner : identité et persistance	runtime/lib/fleet/spawner/pod/session_mint.ex	124	66	66
L07	03 — Spawner : identité et persistance	runtime/lib/fleet/spawner/pod/state_fs.ex	194	58	58
L07	03 — Spawner : identité et persistance	runtime/lib/fleet/spawner/pool_slot.ex	201	112	112
L07	03 — Spawner : identité et persistance	runtime/lib/fleet/spawner/seed_store.ex	418	141	141
L07	03 — Spawner : identité et persistance	runtime/lib/fleet/spawner/session_id.ex	108	80	80
L07	03 — Spawner : identité et persistance	runtime/test/fleet/spawner/pool_slot_survivor_test.exs	81	10	10
L07	03 — Spawner : identité et persistance	runtime/test/fleet/spawner/pool_slot_test.exs	166	43	43
L07	03 — Spawner : identité et persistance	runtime/test/fleet/spawner/recovery_test.exs	33	8	8
L07	03 — Spawner : identité et persistance	runtime/test/fleet/spawner/seed_store_test.exs	649	92	92
L07	03 — Spawner : identité et persistance	runtime/test/fleet/spawner/session_id_test.exs	165	29	29
L08	04 — Spawner : activité et résultats	runtime/lib/fleet/spawner/pod/completed_payload.ex	95	17	17
L08	04 — Spawner : activité et résultats	runtime/lib/fleet/spawner/pod/events.ex	78	21	21
L08	04 — Spawner : activité et résultats	runtime/lib/fleet/spawner/pod/kick.ex	203	133	133
L08	04 — Spawner : activité et résultats	runtime/lib/fleet/spawner/pod/liveness.ex	269	129	129
L08	04 — Spawner : activité et résultats	runtime/lib/fleet/spawner/pod/publishing.ex	58	26	26
L08	04 — Spawner : activité et résultats	runtime/lib/fleet/spawner/pod/task_probe.ex	162	100	100
L08	04 — Spawner : activité et résultats	runtime/lib/fleet/spawner/pod/turn_flag.ex	119	40	40
L08	04 — Spawner : activité et résultats	runtime/test/fleet/spawner/pod/completed_payload_test.exs	146	16	16
L08	04 — Spawner : activité et résultats	runtime/test/fleet/spawner/pod/events_test.exs	57	6	6
L08	04 — Spawner : activité et résultats	runtime/test/fleet/spawner/pod/liveness_test.exs	132	30	30
L08	04 — Spawner : activité et résultats	runtime/test/fleet/spawner/pod/turn_flag_test.exs	66	12	12
L08	04 — Spawner : activité et résultats	runtime/test/fleet/spawner/pod_kick_test.exs	188	39	39
L09	04 — Spawner : activité et résultats	runtime/test/fleet/spawner/pod_kick_repl_up_test.exs	68	12	12
L10	05 — Chemins et toolchain	runtime/lib/fleet/layout.ex	578	352	352
L10	05 — Chemins et toolchain	runtime/lib/fleet/toolchain.ex	323	158	158
L10	05 — Chemins et toolchain	runtime/test/fleet/layout_test.exs	313	80	80
L10	05 — Chemins et toolchain	runtime/test/fleet/toolchain_test.exs	217	37	37
L11	05b — Primitives et formats partagés	runtime/lib/fleet/durable_log.ex	127	56	56
L11	05b — Primitives et formats partagés	runtime/lib/fleet/env_parse.ex	127	40	40
L11	05b — Primitives et formats partagés	runtime/lib/fleet/findings_wire.ex	201	112	112
L11	05b — Primitives et formats partagés	runtime/lib/fleet/git_ref.ex	39	13	13
L11	05b — Primitives et formats partagés	runtime/lib/fleet/grace.ex	46	36	36
L11	05b — Primitives et formats partagés	runtime/test/fleet/durable_log_test.exs	95	17	17
L11	05b — Primitives et formats partagés	runtime/test/fleet/env_parse_test.exs	85	2	2
L11	05b — Primitives et formats partagés	runtime/test/fleet/findings_wire_test.exs	132	23	23
L11	05b — Primitives et formats partagés	runtime/test/fleet/git_ref_property_test.exs	145	49	49
L11	05b — Primitives et formats partagés	runtime/test/fleet/git_ref_test.exs	48	11	11
L11	05b — Primitives et formats partagés	runtime/test/fleet/grace_test.exs	55	8	8
L12	05b — Primitives et formats partagés	runtime/lib/fleet/labels.ex	321	210	210
L12	05b — Primitives et formats partagés	runtime/lib/fleet/opts.ex	36	20	20
L12	05b — Primitives et formats partagés	runtime/lib/fleet/periodic_check.ex	138	80	80
L12	05b — Primitives et formats partagés	runtime/lib/fleet/pod_id.ex	75	27	27
L12	05b — Primitives et formats partagés	runtime/lib/fleet/reception_filter.ex	77	37	37
L12	05b — Primitives et formats partagés	runtime/lib/fleet/release_door.ex	48	31	31
L12	05b — Primitives et formats partagés	runtime/test/fleet/labels_test.exs	172	45	45
L12	05b — Primitives et formats partagés	runtime/test/fleet/opts_exported_test.exs	20	5	5
L12	05b — Primitives et formats partagés	runtime/test/fleet/periodic_check_test.exs	168	20	20
L12	05b — Primitives et formats partagés	runtime/test/fleet/pod_id_test.exs	86	13	13
L12	05b — Primitives et formats partagés	runtime/test/fleet/reception_filter_test.exs	58	2	2
L12	05b — Primitives et formats partagés	runtime/test/fleet/release_door_test.exs	57	20	20
L13	05b — Primitives et formats partagés	runtime/lib/fleet/shutdown/quiesce.ex	123	42	42
L13	05b — Primitives et formats partagés	runtime/lib/fleet/slug.ex	163	90	90
L13	05b — Primitives et formats partagés	runtime/lib/fleet/system_config.ex	99	26	26
L13	05b — Primitives et formats partagés	runtime/test/fleet/shutdown/quiesce_test.exs	138	20	20
L13	05b — Primitives et formats partagés	runtime/test/fleet/slug_property_test.exs	192	65	65
L13	05b — Primitives et formats partagés	runtime/test/fleet/slug_test.exs	125	13	13
L13	05b — Primitives et formats partagés	runtime/test/fleet/system_config_test.exs	74	15	15
L14	06 — Catalogue et profils	runtime/lib/fleet/cap_profile.ex	1065	476	476
L14	06 — Catalogue et profils	runtime/lib/fleet/cap_profile/canonical_json.ex	51	13	13
L14	06 — Catalogue et profils	runtime/test/fleet/cap_profile/canonical_json_property_test.exs	126	46	46
L14	06 — Catalogue et profils	runtime/test/fleet/cap_profile_test.exs	1700	226	226
L15	06 — Catalogue et profils	runtime/lib/fleet/cap_profile/catalog.ex	554	237	237
L15	06 — Catalogue et profils	runtime/lib/fleet/cap_profile/disallowed_tools.ex	81	20	20
L15	06 — Catalogue et profils	runtime/lib/fleet/cap_profile/image.ex	239	94	94
L15	06 — Catalogue et profils	runtime/lib/fleet/cap_profile/invariants.ex	265	112	112
L15	06 — Catalogue et profils	runtime/lib/fleet/cap_profile/loader.ex	16	5	5
L15	06 — Catalogue et profils	runtime/lib/fleet/cap_profile/schema.ex	232	97	97
L15	06 — Catalogue et profils	runtime/test/fleet/cap_profile/conformance_test.exs	413	90	90
L15	06 — Catalogue et profils	runtime/test/fleet/cap_profile/declaration_schema_test.exs	97	10	10
L15	06 — Catalogue et profils	runtime/test/fleet/cap_profile/disk_scope_test.exs	147	32	32
L15	06 — Catalogue et profils	runtime/test/fleet/cap_profile/monks_conformance_test.exs	116	19	19
L15	06 — Catalogue et profils	runtime/test/fleet/cap_profile/monks_frozen_test.exs	51	8	8
L15	06 — Catalogue et profils	runtime/test/fleet/cap_profile_image_test.exs	174	34	34
L16	06 — Catalogue et profils	runtime/lib/fleet/catalogue.ex	858	486	486
L16	06 — Catalogue et profils	runtime/lib/fleet/schema_cache.ex	98	50	50
L16	06 — Catalogue et profils	runtime/test/fleet/cap_profile_reserved_seat_test.exs	144	24	24
L16	06 — Catalogue et profils	runtime/test/fleet/catalogue_store_address_test.exs	68	32	32
L16	06 — Catalogue et profils	runtime/test/fleet/catalogue_test.exs	525	84	84
L16	06 — Catalogue et profils	runtime/test/fleet/loader_envelope_test.exs	377	79	79
L16	06 — Catalogue et profils	runtime/test/fleet/schema_cache_test.exs	158	22	22
L17	07 — Identités et credentials	runtime/lib/fleet/credentials.ex	19	4	4
L17	07 — Identités et credentials	runtime/lib/fleet/credentials/authority.ex	130	46	46
L17	07 — Identités et credentials	runtime/lib/fleet/credentials/forge_auth.ex	182	94	94
L17	07 — Identités et credentials	runtime/lib/fleet/credentials/forge_identity.ex	265	123	123
L17	07 — Identités et credentials	runtime/lib/fleet/credentials/gate.ex	80	31	31
L17	07 — Identités et credentials	runtime/lib/fleet/credentials/human.ex	60	14	14
L17	07 — Identités et credentials	runtime/lib/fleet/credentials/role_identity.ex	100	61	61
L17	07 — Identités et credentials	runtime/test/fleet/credentials/forge_auth_test.exs	181	30	30
L17	07 — Identités et credentials	runtime/test/fleet/credentials/forge_identity_test.exs	93	17	17
L17	07 — Identités et credentials	runtime/test/fleet/credentials/gate_test.exs	105	10	10
L17	07 — Identités et credentials	runtime/test/fleet/credentials/role_identity_test.exs	76	13	13
L18	07 — Identités et credentials	runtime/lib/fleet/credentials/role_token.ex	152	68	68
L18	07 — Identités et credentials	runtime/lib/fleet/credentials/shell.ex	468	238	238
L18	07 — Identités et credentials	runtime/test/fleet/credentials/role_token_test.exs	99	41	41
L18	07 — Identités et credentials	runtime/test/fleet/credentials/shell_test.exs	380	94	94
L19	08 — Prompts et préparation des workspaces	runtime/lib/fleet/project_bootstrap.ex	26	11	11
L19	08 — Prompts et préparation des workspaces	runtime/lib/fleet/project_bootstrap/phase.ex	725	332	332
L19	08 — Prompts et préparation des workspaces	runtime/lib/fleet/sp_builder.ex	456	132	132
L19	08 — Prompts et préparation des workspaces	runtime/test/fleet/modops_consumption_test.exs	128	44	44
L19	08 — Prompts et préparation des workspaces	runtime/test/fleet/project_bootstrap/clone_test.exs	777	157	157
L19	08 — Prompts et préparation des workspaces	runtime/test/fleet/project_bootstrap/trailer_hook_test.exs	198	36	36
L19	08 — Prompts et préparation des workspaces	runtime/test/fleet/sp_builder_test.exs	527	104	104
L20	08 — Prompts et préparation des workspaces	runtime/lib/fleet/sp_builder/blocks.ex	183	80	80
L20	08 — Prompts et préparation des workspaces	runtime/lib/fleet/sp_builder/composer.ex	22	3	3
L20	08 — Prompts et préparation des workspaces	runtime/lib/fleet/sp_builder/image.ex	458	159	159
L20	08 — Prompts et préparation des workspaces	runtime/lib/fleet/sp_builder/monk.ex	106	38	38
L20	08 — Prompts et préparation des workspaces	runtime/lib/fleet/sp_builder/repo_sections.ex	199	88	88
L20	08 — Prompts et préparation des workspaces	runtime/test/fleet/sp_builder/blocks_test.exs	225	39	39
L20	08 — Prompts et préparation des workspaces	runtime/test/fleet/sp_builder/repo_sections_test.exs	223	36	36
L20	08 — Prompts et préparation des workspaces	runtime/test/fleet/sp_builder/sp_image_invariants_test.exs	181	47	47
L20	08 — Prompts et préparation des workspaces	runtime/test/fleet/sp_builder_image_parity_test.exs	126	28	28
L20	08 — Prompts et préparation des workspaces	runtime/test/fleet/sp_builder_image_test.exs	394	86	86
L20	08 — Prompts et préparation des workspaces	runtime/test/fleet/sp_builder_monk_test.exs	84	13	13
L21	09 — Événements et file de travail	runtime/lib/fleet/event.ex	123	26	26
L21	09 — Événements et file de travail	runtime/lib/fleet/event_router.ex	29	7	7
L21	09 — Événements et file de travail	runtime/lib/fleet/event_router/application.ex	142	30	30
L21	09 — Événements et file de travail	runtime/lib/fleet/event_router/bind_address.ex	62	10	10
L21	09 — Événements et file de travail	runtime/lib/fleet/event_router/bus.ex	254	88	88
L21	09 — Événements et file de travail	runtime/lib/fleet/event_router/catalog.ex	196	48	48
L21	09 — Événements et file de travail	runtime/test/fleet/event_router/application_escalation_test.exs	28	9	9
L21	09 — Événements et file de travail	runtime/test/fleet/event_router/bind_address_test.exs	81	12	12
L21	09 — Événements et file de travail	runtime/test/fleet/event_router/bus_registry_empty_test.exs	112	26	26
L21	09 — Événements et file de travail	runtime/test/fleet/event_router/bus_safe_emit_test.exs	186	33	33
L21	09 — Événements et file de travail	runtime/test/fleet/event_router/bus_test.exs	123	19	19
L21	09 — Événements et file de travail	runtime/test/fleet/event_test.exs	108	10	10
L22	09 — Événements et file de travail	runtime/lib/fleet/event_router/listener.ex	59	27	27
L22	09 — Événements et file de travail	runtime/lib/fleet/event_router/signals_os.ex	23	6	6
L22	09 — Événements et file de travail	runtime/lib/fleet/event_router/unix_listener.ex	122	53	53
L22	09 — Événements et file de travail	runtime/lib/fleet/event_router/webhooks_gitea.ex	298	105	105
L22	09 — Événements et file de travail	runtime/test/fleet/event_router/catalog_fail_loud_test.exs	105	22	22
L22	09 — Événements et file de travail	runtime/test/fleet/event_router/catalog_routing_test.exs	160	18	18
L22	09 — Événements et file de travail	runtime/test/fleet/event_router/events_schema_test.exs	77	15	15
L22	09 — Événements et file de travail	runtime/test/fleet/event_router/r1_seam_broadcast_test.exs	48	17	17
L22	09 — Événements et file de travail	runtime/test/fleet/event_router/registry_gitea_test.exs	31	7	7
L22	09 — Événements et file de travail	runtime/test/fleet/event_router/signals_os_test.exs	13	2	2
L22	09 — Événements et file de travail	runtime/test/fleet/event_router/unix_listener_test.exs	130	33	33
L22	09 — Événements et file de travail	runtime/test/fleet/event_router/webhooks_gitea_test.exs	368	43	43
L23	09 — Événements et file de travail	runtime/lib/fleet/publish/in_flight.ex	47	13	13
L23	09 — Événements et file de travail	runtime/lib/fleet/task_queue.ex	160	50	50
L23	09 — Événements et file de travail	runtime/lib/fleet/task_queue/application.ex	24	4	4
L23	09 — Événements et file de travail	runtime/lib/fleet/task_queue/broadcast.ex	115	54	54
L23	09 — Événements et file de travail	runtime/lib/fleet/task_queue/server.ex	555	176	176
L23	09 — Événements et file de travail	runtime/lib/fleet/task_queue/work_item.ex	178	62	62
L23	09 — Événements et file de travail	runtime/test/fleet/publish/in_flight_test.exs	46	5	5
L23	09 — Événements et file de travail	runtime/test/fleet/task_queue_test.exs	806	170	170
L24	10 — Analyse des conflits	runtime/lib/fleet/conflict.ex	133	77	77
L24	10 — Analyse des conflits	runtime/lib/fleet/conflict/assemble.ex	99	17	17
L24	10 — Analyse des conflits	runtime/lib/fleet/conflict/classifier.ex	164	17	17
L24	10 — Analyse des conflits	runtime/lib/fleet/conflict/diff.ex	271	54	54
L24	10 — Analyse des conflits	runtime/lib/fleet/conflict/parser.ex	126	27	27
L24	10 — Analyse des conflits	runtime/lib/fleet/conflict/pattern.ex	31	11	11
L24	10 — Analyse des conflits	runtime/lib/fleet/conflict/patterns/complex.ex	26	5	5
L24	10 — Analyse des conflits	runtime/lib/fleet/conflict/patterns/delete_no_change.ex	56	7	7
L24	10 — Analyse des conflits	runtime/lib/fleet/conflict/patterns/insertion_at_boundary.ex	100	11	11
L24	10 — Analyse des conflits	runtime/lib/fleet/conflict/patterns/non_overlapping.ex	61	18	18
L24	10 — Analyse des conflits	runtime/test/fleet/conflict/conflict_test.exs	199	46	46
L24	10 — Analyse des conflits	runtime/test/fleet/conflict/patterns_test.exs	260	51	51
L25	10 — Analyse des conflits	runtime/lib/fleet/conflict/patterns/one_side_change.ex	41	3	3
L25	10 — Analyse des conflits	runtime/lib/fleet/conflict/patterns/reorder_only.ex	53	4	4
L25	10 — Analyse des conflits	runtime/lib/fleet/conflict/patterns/same_change.ex	31	3	3
L25	10 — Analyse des conflits	runtime/lib/fleet/conflict/patterns/utils.ex	382	39	39
L25	10 — Analyse des conflits	runtime/lib/fleet/conflict/patterns/value_only_change.ex	59	6	6
L25	10 — Analyse des conflits	runtime/lib/fleet/conflict/patterns/whitespace_only.ex	52	5	5
L25	10 — Analyse des conflits	runtime/lib/fleet/conflict/score.ex	76	27	27
L25	10 — Analyse des conflits	runtime/lib/fleet/conflict/types.ex	109	32	32
L26	11 — Forge : client et opérations	runtime/lib/fleet/forge.ex	158	96	96
L26	11 — Forge : client et opérations	runtime/test/fleet/forge/actions_test.exs	321	49	49
L27	11 — Forge : client et opérations	runtime/lib/fleet/forge/client.ex	1306	479	479
L27	11 — Forge : client et opérations	runtime/test/fleet/forge/client_test.exs	2569	340	340
L28	11 — Forge : client et opérations	runtime/lib/fleet/forge/client/actions.ex	310	164	164
L28	11 — Forge : client et opérations	runtime/lib/fleet/forge/client/ci.ex	148	74	74
L28	11 — Forge : client et opérations	runtime/lib/fleet/forge/client/files.ex	119	27	27
L28	11 — Forge : client et opérations	runtime/lib/fleet/forge/client/jury.ex	487	204	204
L28	11 — Forge : client et opérations	runtime/lib/fleet/forge/client/labels.ex	288	84	84
L28	11 — Forge : client et opérations	runtime/lib/fleet/forge/client/merge.ex	189	63	63
L28	11 — Forge : client et opérations	runtime/lib/fleet/forge/client/repo.ex	515	184	184
L28	11 — Forge : client et opérations	runtime/lib/fleet/forge/client/signing.ex	112	35	35
L28	11 — Forge : client et opérations	runtime/test/fleet/forge/client/bot_login_cache_test.exs	220	41	41
L29	11 — Forge : client et opérations	runtime/lib/fleet/forge/client/transport.ex	451	169	169
L29	11 — Forge : client et opérations	runtime/lib/fleet/forge/client/url_safe.ex	38	15	15
L29	11 — Forge : client et opérations	runtime/lib/fleet/forge/payload.ex	188	50	50
L29	11 — Forge : client et opérations	runtime/test/fleet/forge/client/url_safe_test.exs	41	8	8
L29	11 — Forge : client et opérations	runtime/test/fleet/forge/client_ci_state_test.exs	295	57	57
L29	11 — Forge : client et opérations	runtime/test/fleet/forge/client_close_issue_kind_test.exs	51	12	12
L29	11 — Forge : client et opérations	runtime/test/fleet/forge/client_pagination_test.exs	138	24	24
L29	11 — Forge : client et opérations	runtime/test/fleet/forge/jury_verdict_function_test.exs	268	34	34
L29	11 — Forge : client et opérations	runtime/test/fleet/forge/merge_405_test.exs	116	22	22
L29	11 — Forge : client et opérations	runtime/test/fleet/forge/payload_fixture_test.exs	120	30	30
L29	11 — Forge : client et opérations	runtime/test/fleet/forge/payload_test.exs	99	24	24
L30	11 — Forge : client et opérations	runtime/lib/fleet/forge/protocol.ex	540	312	312
L30	11 — Forge : client et opérations	runtime/lib/fleet/forge/write_spacing.ex	27	15	15
L30	11 — Forge : client et opérations	runtime/test/fleet/forge/protocol_property_test.exs	154	45	45
L30	11 — Forge : client et opérations	runtime/test/fleet/forge/protocol_test.exs	204	17	17
L30	11 — Forge : client et opérations	runtime/test/support/forge/payload_fixture.ex	99	42	42
L31	12 — Workflow : contrats et artefacts	runtime/lib/fleet/roster.ex	266	138	138
L31	12 — Workflow : contrats et artefacts	runtime/lib/fleet/workflow.ex	77	42	42
L31	12 — Workflow : contrats et artefacts	runtime/lib/fleet/workflow/brief_artifact.ex	208	110	110
L31	12 — Workflow : contrats et artefacts	runtime/lib/fleet/workflow/brief_template.ex	34	8	8
L31	12 — Workflow : contrats et artefacts	runtime/lib/fleet/workflow/card_roles.ex	158	59	59
L31	12 — Workflow : contrats et artefacts	runtime/lib/fleet/workflow/catalogue_guards.ex	172	68	68
L31	12 — Workflow : contrats et artefacts	runtime/test/fleet/roster_test.exs	82	12	12
L31	12 — Workflow : contrats et artefacts	runtime/test/fleet/workflow/brief_artifact_test.exs	298	51	51
L31	12 — Workflow : contrats et artefacts	runtime/test/fleet/workflow/brief_template_test.exs	43	6	6
L31	12 — Workflow : contrats et artefacts	runtime/test/fleet/workflow/card_roles_test.exs	243	39	39
L31	12 — Workflow : contrats et artefacts	runtime/test/fleet/workflow/catalogue_guards_test.exs	44	5	5
L32	12 — Workflow : contrats et artefacts	runtime/lib/fleet/workflow/deliverable.ex	221	55	55
L32	12 — Workflow : contrats et artefacts	runtime/lib/fleet/workflow/deliverable_gate.ex	390	127	127
L32	12 — Workflow : contrats et artefacts	runtime/lib/fleet/workflow/gate.ex	12	4	4
L32	12 — Workflow : contrats et artefacts	runtime/lib/fleet/workflow/gate_brief.ex	105	49	49
L32	12 — Workflow : contrats et artefacts	runtime/lib/fleet/workflow/gate_decision.ex	12	5	5
L32	12 — Workflow : contrats et artefacts	runtime/test/fleet/workflow/deliverable_gate_test.exs	498	95	95
L32	12 — Workflow : contrats et artefacts	runtime/test/fleet/workflow/deliverable_gate_timeout_test.exs	43	11	11
L32	12 — Workflow : contrats et artefacts	runtime/test/fleet/workflow/deliverable_gate_trailer_test.exs	187	11	11
L32	12 — Workflow : contrats et artefacts	runtime/test/fleet/workflow/deliverable_test.exs	476	36	36
L32	12 — Workflow : contrats et artefacts	runtime/test/fleet/workflow/gate_brief_findings_contract_test.exs	34	11	11
L32	12 — Workflow : contrats et artefacts	runtime/test/fleet/workflow/gate_brief_test.exs	117	15	15
L32	12 — Workflow : contrats et artefacts	runtime/test/fleet/workflow/gate_decision_test.exs	87	19	19
L33	12 — Workflow : contrats et artefacts	runtime/lib/fleet/workflow/gates.ex	128	60	60
L33	12 — Workflow : contrats et artefacts	runtime/lib/fleet/workflow/gates/predicate.ex	170	99	99
L33	12 — Workflow : contrats et artefacts	runtime/lib/fleet/workflow/git.ex	598	122	122
L33	12 — Workflow : contrats et artefacts	runtime/lib/fleet/workflow/graph_validator.ex	143	16	16
L33	12 — Workflow : contrats et artefacts	runtime/lib/fleet/workflow/loader.ex	468	193	193
L33	12 — Workflow : contrats et artefacts	runtime/test/fleet/workflow/gates_predicate_property_test.exs	171	47	47
L33	12 — Workflow : contrats et artefacts	runtime/test/fleet/workflow/gates_predicate_test.exs	150	18	18
L33	12 — Workflow : contrats et artefacts	runtime/test/fleet/workflow/gates_test.exs	199	22	22
L33	12 — Workflow : contrats et artefacts	runtime/test/fleet/workflow/git_test.exs	377	60	60
L33	12 — Workflow : contrats et artefacts	runtime/test/fleet/workflow/graph_validator_property_test.exs	194	61	61
L33	12 — Workflow : contrats et artefacts	runtime/test/fleet/workflow/graph_validator_test.exs	111	11	11
L33	12 — Workflow : contrats et artefacts	runtime/test/fleet/workflow/loader_test.exs	367	31	31
L34	12 — Workflow : contrats et artefacts	runtime/lib/fleet/workflow/ops_object.ex	200	79	79
L34	12 — Workflow : contrats et artefacts	runtime/lib/fleet/workflow/ops_object_sync.ex	200	83	83
L34	12 — Workflow : contrats et artefacts	runtime/lib/fleet/workflow/payload_guard.ex	226	116	116
L34	12 — Workflow : contrats et artefacts	runtime/lib/fleet/workflow/pinning.ex	140	64	64
L34	12 — Workflow : contrats et artefacts	runtime/lib/fleet/workflow/provenance.ex	209	81	81
L34	12 — Workflow : contrats et artefacts	runtime/lib/fleet/workflow/provenance/verifier.ex	136	21	21
L34	12 — Workflow : contrats et artefacts	runtime/test/fleet/workflow/ops_object_sync_test.exs	468	92	92
L34	12 — Workflow : contrats et artefacts	runtime/test/fleet/workflow/payload_guard_race_test.exs	101	24	24
L34	12 — Workflow : contrats et artefacts	runtime/test/fleet/workflow/pinning_test.exs	205	31	31
L34	12 — Workflow : contrats et artefacts	runtime/test/fleet/workflow/provenance_test.exs	130	17	17
L34	12 — Workflow : contrats et artefacts	runtime/test/fleet/workflow/provenance_verifier_test.exs	143	13	13
L35	12 — Workflow : contrats et artefacts	runtime/lib/fleet/workflow/step_outputs.ex	137	66	66
L35	12 — Workflow : contrats et artefacts	runtime/test/fleet/workflow/step_outputs_test.exs	141	7	7
L36	13 — Projets : déclaration et maintenance	runtime/lib/fleet/project.ex	78	45	45
L36	13 — Projets : déclaration et maintenance	runtime/lib/fleet/project/architect.ex	256	142	142
L36	13 — Projets : déclaration et maintenance	runtime/lib/fleet/project/declaration.ex	372	159	159
L36	13 — Projets : déclaration et maintenance	runtime/lib/fleet/project/git_ops.ex	78	20	20
L36	13 — Projets : déclaration et maintenance	runtime/lib/fleet/project/incidents.ex	73	32	32
L36	13 — Projets : déclaration et maintenance	runtime/test/fleet/project/architect_test.exs	288	40	40
L36	13 — Projets : déclaration et maintenance	runtime/test/fleet/project/declaration_test.exs	376	85	85
L36	13 — Projets : déclaration et maintenance	runtime/test/fleet/project/incidents_test.exs	60	9	9
L36	13 — Projets : déclaration et maintenance	runtime/test/fleet/project/probe_predicate_test.exs	468	141	141
L36	13 — Projets : déclaration et maintenance	runtime/test/fleet/project/project_template_workflows_test.exs	180	57	57
L37	13 — Projets : déclaration et maintenance	runtime/lib/fleet/project/roles.ex	479	223	223
L37	13 — Projets : déclaration et maintenance	runtime/lib/fleet/project/worktree_sync.ex	246	69	69
L37	13 — Projets : déclaration et maintenance	runtime/test/fleet/project/roles_structural_test.exs	236	66	66
L37	13 — Projets : déclaration et maintenance	runtime/test/fleet/project/roles_test.exs	236	49	49
L37	13 — Projets : déclaration et maintenance	runtime/test/fleet/project/template_material_test.exs	124	28	28
L37	13 — Projets : déclaration et maintenance	runtime/test/fleet/project/worktree_sync_test.exs	297	61	61
L38	14 — Projets : onboarding	runtime/lib/fleet/project/onboard.ex	501	207	207
L38	14 — Projets : onboarding	runtime/lib/fleet/project/onboard/adopt.ex	181	22	22
L38	14 — Projets : onboarding	runtime/lib/fleet/project/onboard/card.ex	368	94	94
L38	14 — Projets : onboarding	runtime/lib/fleet/project/onboard/create.ex	308	99	99
L38	14 — Projets : onboarding	runtime/lib/fleet/project/onboard/faces.ex	333	93	93
L38	14 — Projets : onboarding	runtime/test/fleet/project/onboard/adopt_test.exs	223	27	27
L38	14 — Projets : onboarding	runtime/test/fleet/project/onboard/card_revision_test.exs	429	59	59
L38	14 — Projets : onboarding	runtime/test/fleet/project/onboard/close_open_test.exs	262	35	35
L38	14 — Projets : onboarding	runtime/test/fleet/project/onboard/compensation_test.exs	532	112	112
L38	14 — Projets : onboarding	runtime/test/fleet/project/onboard_test.exs	619	150	150
L39	14 — Projets : onboarding	runtime/lib/fleet/project/onboard/import.ex	499	144	144
L39	14 — Projets : onboarding	runtime/lib/fleet/project/onboard/lifecycle.ex	467	110	110
L39	14 — Projets : onboarding	runtime/lib/fleet/project/onboard/migration.ex	368	152	152
L39	14 — Projets : onboarding	runtime/lib/fleet/project/onboard/refute.ex	130	59	59
L39	14 — Projets : onboarding	runtime/lib/fleet/project/onboard/repo.ex	192	41	41
L39	14 — Projets : onboarding	runtime/lib/fleet/project/onboard/scaffold.ex	279	117	117
L39	14 — Projets : onboarding	runtime/test/fleet/project/onboard/import_external_test.exs	328	50	50
L39	14 — Projets : onboarding	runtime/test/fleet/project/onboard/list_projects_test.exs	154	21	21
L39	14 — Projets : onboarding	runtime/test/fleet/project/onboard/reconcile_test.exs	158	38	38
L39	14 — Projets : onboarding	runtime/test/fleet/project/onboard/scaffold_test.exs	351	103	103
L39	14 — Projets : onboarding	runtime/test/fleet/project/onboard/store_gate_test.exs	154	50	50
L40	14 — Projets : onboarding	runtime/test/fleet/project/onboard_migrate_test.exs	268	53	53
L40	14 — Projets : onboarding	runtime/test/fleet/project/onboard_preflight_test.exs	162	65	65
L41	15 — MCP : transport et outils pods	runtime/lib/fleet/mcp.ex	72	36	36
L41	15 — MCP : transport et outils pods	runtime/lib/fleet/mcp/idempotency.ex	115	11	11
L41	15 — MCP : transport et outils pods	runtime/lib/fleet/mcp/pod_socket_acceptor.ex	620	203	203
L41	15 — MCP : transport et outils pods	runtime/lib/fleet/mcp/pod_socket_supervisor.ex	161	30	30
L41	15 — MCP : transport et outils pods	runtime/test/fleet/mcp/accessor_seam_conformance_test.exs	154	45	45
L41	15 — MCP : transport et outils pods	runtime/test/fleet/mcp/emergency_stop_test.exs	227	20	20
L41	15 — MCP : transport et outils pods	runtime/test/fleet/mcp/idempotency_test.exs	132	14	14
L41	15 — MCP : transport et outils pods	runtime/test/fleet/mcp/poc_exmcp_native_test.exs	91	20	20
L41	15 — MCP : transport et outils pods	runtime/test/fleet/mcp/pod_socket_test.exs	862	201	201
L42	15 — MCP : transport et outils pods	runtime/lib/fleet/mcp/pod_tools.ex	1780	239	239
L42	15 — MCP : transport et outils pods	runtime/lib/fleet/mcp/pod_tools/pod_resolver.ex	62	36	36
L42	15 — MCP : transport et outils pods	runtime/test/fleet/mcp/pod_tools_test.exs	3158	435	435
L43	15 — MCP : transport et outils pods	runtime/lib/fleet/mcp/pod_tools/probe.ex	353	159	159
L43	15 — MCP : transport et outils pods	runtime/lib/fleet/mcp/pod_tools/project_publish.ex	336	110	110
L43	15 — MCP : transport et outils pods	runtime/lib/fleet/mcp/pod_tools/work_items.ex	112	53	53
L43	15 — MCP : transport et outils pods	runtime/lib/fleet/mcp/server.ex	55	32	32
L43	15 — MCP : transport et outils pods	runtime/test/fleet/mcp/probe_seam_contract_test.exs	61	28	28
L43	15 — MCP : transport et outils pods	runtime/test/fleet/mcp/probe_test.exs	336	60	60
L43	15 — MCP : transport et outils pods	runtime/test/fleet/mcp/project_publish_test.exs	135	36	36
L43	15 — MCP : transport et outils pods	runtime/test/fleet/mcp/result_event_test.exs	114	27	27
L43	15 — MCP : transport et outils pods	runtime/test/fleet/mcp/seam_conformance_test.exs	110	43	43
L43	15 — MCP : transport et outils pods	runtime/test/fleet/mcp/seam_contract_test.exs	47	20	20
L43	15 — MCP : transport et outils pods	runtime/test/fleet/mcp/server_test.exs	59	16	16
L44	15 — MCP : transport et outils pods	runtime/lib/fleet/mcp/socket_warden.ex	196	54	54
L44	15 — MCP : transport et outils pods	runtime/lib/fleet/mcp/supervisor.ex	201	57	57
L44	15 — MCP : transport et outils pods	runtime/test/fleet/mcp/socket_warden_test.exs	228	53	53
L44	15 — MCP : transport et outils pods	runtime/test/fleet/mcp/submit_result_schema_test.exs	28	7	7
L44	15 — MCP : transport et outils pods	runtime/test/fleet/mcp/supervisor_test.exs	139	44	44
L44	15 — MCP : transport et outils pods	runtime/test/fleet/mcp/tool_input_schema_test.exs	34	6	6
L45	16 — MCP : délégation métier	runtime/lib/fleet/mcp/pod_tools/delegation.ex	87	85	85
L45	16 — MCP : délégation métier	runtime/lib/fleet/mcp/pod_tools/delegation/dependencies.ex	138	43	43
L45	16 — MCP : délégation métier	runtime/lib/fleet/mcp/pod_tools/delegation/dependency_forge.ex	59	37	37
L45	16 — MCP : délégation métier	runtime/lib/fleet/mcp/pod_tools/delegation/deposits.ex	267	72	72
L45	16 — MCP : délégation métier	runtime/lib/fleet/mcp/pod_tools/delegation/escalation_forge.ex	39	18	18
L45	16 — MCP : délégation métier	runtime/lib/fleet/mcp/pod_tools/delegation/escalations.ex	92	19	19
L45	16 — MCP : délégation métier	runtime/lib/fleet/mcp/pod_tools/delegation/forge_client.ex	173	107	107
L45	16 — MCP : délégation métier	runtime/test/fleet/mcp/create_issue_lot_test.exs	210	35	35
L45	16 — MCP : délégation métier	runtime/test/fleet/mcp/delete_project_disarmed_test.exs	127	15	15
L45	16 — MCP : délégation métier	runtime/test/fleet/mcp/dependency_seam_conformance_test.exs	136	18	18
L45	16 — MCP : délégation métier	runtime/test/fleet/mcp/dependency_tools_test.exs	143	13	13
L45	16 — MCP : délégation métier	runtime/test/fleet/mcp/issue_status_reviews_test.exs	264	37	37
L46	16 — MCP : délégation métier	runtime/lib/fleet/mcp/pod_tools/delegation/forge_writer.ex	108	61	61
L46	16 — MCP : délégation métier	runtime/lib/fleet/mcp/pod_tools/delegation/gate.ex	146	45	45
L46	16 — MCP : délégation métier	runtime/lib/fleet/mcp/pod_tools/delegation/issue_pr.ex	129	33	33
L46	16 — MCP : délégation métier	runtime/lib/fleet/mcp/pod_tools/delegation/issues.ex	911	271	271
L46	16 — MCP : délégation métier	runtime/lib/fleet/mcp/pod_tools/delegation/portfolio.ex	750	233	233
L46	16 — MCP : délégation métier	runtime/lib/fleet/mcp/pod_tools/delegation/project_onboard.ex	208	128	128
L46	16 — MCP : délégation métier	runtime/lib/fleet/mcp/pod_tools/delegation/render.ex	37	8	8
L47	16 — MCP : délégation métier	runtime/lib/fleet/mcp/pod_tools/delegation/retirement.ex	385	156	156
L47	16 — MCP : délégation métier	runtime/lib/fleet/mcp/pod_tools/delegation/scratchpad.ex	167	64	64
L47	16 — MCP : délégation métier	runtime/lib/fleet/mcp/pod_tools/delegation/toolchain.ex	219	82	82
L47	16 — MCP : délégation métier	runtime/lib/fleet/mcp/pod_tools/delegation/workshop.ex	26	15	15
L47	16 — MCP : délégation métier	runtime/test/fleet/mcp/retire_issue_test.exs	305	52	52
L47	16 — MCP : délégation métier	runtime/test/fleet/mcp/scratch_test.exs	150	29	29
L47	16 — MCP : délégation métier	runtime/test/fleet/mcp/supersede_dependencies_test.exs	215	34	34
L47	16 — MCP : délégation métier	runtime/test/fleet/mcp/toolchain_request_test.exs	341	47	47
L48	17 — Pilot : coordination, incidents et réveils	runtime/lib/fleet/pilot.ex	156	111	111
L48	17 — Pilot : coordination, incidents et réveils	runtime/lib/fleet/pilot/application.ex	520	276	276
L48	17 — Pilot : coordination, incidents et réveils	runtime/lib/fleet/pilot/arch_feed.ex	185	41	41
L48	17 — Pilot : coordination, incidents et réveils	runtime/lib/fleet/pilot/arch_wake.ex	255	82	82
L48	17 — Pilot : coordination, incidents et réveils	runtime/test/fleet/pilot/application_step_guards_test.exs	283	52	52
L48	17 — Pilot : coordination, incidents et réveils	runtime/test/fleet/pilot/application_step_status_test.exs	222	64	64
L48	17 — Pilot : coordination, incidents et réveils	runtime/test/fleet/pilot/application_test.exs	215	22	22
L48	17 — Pilot : coordination, incidents et réveils	runtime/test/fleet/pilot/arch_feed_test.exs	228	13	13
L48	17 — Pilot : coordination, incidents et réveils	runtime/test/fleet/pilot/arch_wake_test.exs	156	35	35
L48	17 — Pilot : coordination, incidents et réveils	runtime/test/fleet/pilot/awaits_arch_drain_test.exs	103	15	15
L48	17 — Pilot : coordination, incidents et réveils	runtime/test/fleet/pilot/card_jury_catalogue_scope_test.exs	168	58	58
L48	17 — Pilot : coordination, incidents et réveils	runtime/test/fleet/pilot/chain_integration_test.exs	540	76	76
L49	17 — Pilot : coordination, incidents et réveils	runtime/lib/fleet/pilot/incident_consumer.ex	381	144	144
L49	17 — Pilot : coordination, incidents et réveils	runtime/lib/fleet/pilot/incident_registry.ex	470	123	123
L49	17 — Pilot : coordination, incidents et réveils	runtime/lib/fleet/pilot/incident_registry/escalation.ex	422	141	141
L49	17 — Pilot : coordination, incidents et réveils	runtime/lib/fleet/pilot/incident_registry/store.ex	378	101	101
L49	17 — Pilot : coordination, incidents et réveils	runtime/lib/fleet/pilot/issue_id.ex	26	9	9
L49	17 — Pilot : coordination, incidents et réveils	runtime/test/fleet/pilot/forge_finch_test.exs	16	9	9
L49	17 — Pilot : coordination, incidents et réveils	runtime/test/fleet/pilot/incident_consumer_test.exs	337	23	23
L49	17 — Pilot : coordination, incidents et réveils	runtime/test/fleet/pilot/incident_registry/escalation_test.exs	226	25	25
L49	17 — Pilot : coordination, incidents et réveils	runtime/test/fleet/pilot/incident_registry/store_test.exs	171	7	7
L49	17 — Pilot : coordination, incidents et réveils	runtime/test/fleet/pilot/incident_registry_test.exs	991	138	138
L49	17 — Pilot : coordination, incidents et réveils	runtime/test/fleet/pilot/issue_id_property_test.exs	103	32	32
L49	17 — Pilot : coordination, incidents et réveils	runtime/test/fleet/pilot/issue_id_test.exs	24	0	0
L50	17 — Pilot : coordination, incidents et réveils	runtime/lib/fleet/pilot/pod_feed.ex	76	42	42
L50	17 — Pilot : coordination, incidents et réveils	runtime/lib/fleet/pilot/wake_recovery.ex	110	25	25
L50	17 — Pilot : coordination, incidents et réveils	runtime/test/fleet/pilot/wake_recovery_test.exs	226	32	32
L51	18 — Pilot : admission et réconciliation	runtime/lib/fleet/pilot/offload.ex	173	54	54
L51	18 — Pilot : admission et réconciliation	runtime/lib/fleet/pilot/pod_reaper.ex	177	76	76
L51	18 — Pilot : admission et réconciliation	runtime/test/fleet/pilot/offload_test.exs	279	33	33
L51	18 — Pilot : admission et réconciliation	runtime/test/fleet/pilot/pod_reaper_test.exs	148	22	22
L52	18 — Pilot : admission et réconciliation	runtime/lib/fleet/pilot/poller.ex	1187	455	455
L52	18 — Pilot : admission et réconciliation	runtime/test/fleet/pilot/poller_test.exs	1748	350	350
L53	18 — Pilot : admission et réconciliation	runtime/lib/fleet/pilot/poller/admission.ex	254	136	136
L53	18 — Pilot : admission et réconciliation	runtime/lib/fleet/pilot/poller/backoff.ex	36	11	11
L53	18 — Pilot : admission et réconciliation	runtime/lib/fleet/pilot/poller/lease.ex	427	226	226
L53	18 — Pilot : admission et réconciliation	runtime/lib/fleet/pilot/poller/reconciliation.ex	641	336	336
L53	18 — Pilot : admission et réconciliation	runtime/test/fleet/pilot/poller/admission_test.exs	253	40	40
L53	18 — Pilot : admission et réconciliation	runtime/test/fleet/pilot/poller/admission_wait_test.exs	76	18	18
L53	18 — Pilot : admission et réconciliation	runtime/test/fleet/pilot/poller/backoff_test.exs	93	32	32
L53	18 — Pilot : admission et réconciliation	runtime/test/fleet/pilot/poller/lease_depends_test.exs	113	30	30
L53	18 — Pilot : admission et réconciliation	runtime/test/fleet/pilot/poller/lease_serialization_test.exs	331	53	53
L53	18 — Pilot : admission et réconciliation	runtime/test/fleet/pilot/poller/list_pods_count_test.exs	60	10	10
L54	18 — Pilot : admission et réconciliation	runtime/lib/fleet/pilot/poller_telemetry.ex	365	155	155
L54	18 — Pilot : admission et réconciliation	runtime/test/fleet/pilot/poller/reconciliation_facts_test.exs	730	119	119
L54	18 — Pilot : admission et réconciliation	runtime/test/fleet/pilot/poller/reconciliation_unreachable_tq_test.exs	279	67	67
L54	18 — Pilot : admission et réconciliation	runtime/test/fleet/pilot/poller_gitea_kick_test.exs	155	34	34
L54	18 — Pilot : admission et réconciliation	runtime/test/fleet/pilot/poller_telemetry_test.exs	201	51	51
L55	19 — Pilot : harnais de tests	runtime/test/support/pilot/biz_catalogue_fixture.ex	133	29	29
L55	19 — Pilot : harnais de tests	runtime/test/support/pilot/cold_forge_stub.ex	19	9	9
L55	19 — Pilot : harnais de tests	runtime/test/support/pilot/dispatcher_bench.ex	406	84	84
L55	19 — Pilot : harnais de tests	runtime/test/support/pilot/forge_stubs.ex	137	59	59
L55	19 — Pilot : harnais de tests	runtime/test/support/pilot/poller_bench.ex	507	135	135
L55	19 — Pilot : harnais de tests	runtime/test/support/pilot/provenance_wall_harness.ex	104	12	12
L55	19 — Pilot : harnais de tests	runtime/test/support/pilot/stub_task_queue.ex	22	14	14
L56	20 — Pilot : dispatch et briefs	runtime/lib/fleet/pilot/brief_builder.ex	830	329	329
L56	20 — Pilot : dispatch et briefs	runtime/test/fleet/pilot/brief_builder_gray_zone_digest_test.exs	31	6	6
L56	20 — Pilot : dispatch et briefs	runtime/test/fleet/pilot/brief_builder_test.exs	783	134	134
L57	20 — Pilot : dispatch et briefs	runtime/lib/fleet/pilot/step_dispatcher.ex	784	259	259
L57	20 — Pilot : dispatch et briefs	runtime/lib/fleet/pilot/step_dispatcher/arch_escalation.ex	399	166	166
L57	20 — Pilot : dispatch et briefs	runtime/lib/fleet/pilot/step_dispatcher/project_resolver.ex	185	78	78
L57	20 — Pilot : dispatch et briefs	runtime/test/fleet/pilot/step_dispatcher/arch_escalation_test.exs	182	28	28
L57	20 — Pilot : dispatch et briefs	runtime/test/fleet/pilot/step_dispatcher/project_resolver_test.exs	55	6	6
L57	20 — Pilot : dispatch et briefs	runtime/test/fleet/pilot/step_dispatcher_test.exs	1452	248	248
L58	20 — Pilot : dispatch et briefs	runtime/lib/fleet/pilot/step_dispatcher/spawn.ex	909	406	406
L58	20 — Pilot : dispatch et briefs	runtime/test/fleet/pilot/step_dispatcher/spawn_capacity_test.exs	605	102	102
L58	20 — Pilot : dispatch et briefs	runtime/test/fleet/pilot/step_dispatcher/spawn_conflict_base_refresh_test.exs	109	9	9
L58	20 — Pilot : dispatch et briefs	runtime/test/fleet/pilot/step_dispatcher/spawn_naming_test.exs	85	23	23
L58	20 — Pilot : dispatch et briefs	runtime/test/fleet/pilot/step_dispatcher/spawn_repo_id_test.exs	66	22	22
L58	20 — Pilot : dispatch et briefs	runtime/test/fleet/pilot/step_dispatcher_gate_order_test.exs	257	35	35
L58	20 — Pilot : dispatch et briefs	runtime/test/fleet/pilot/step_dispatcher_spawn_as_role_test.exs	95	9	9
L59	21 — Pilot : revue et remédiation	runtime/lib/fleet/pilot/step_dispatcher/review_lifecycle.ex	580	259	259
L59	21 — Pilot : revue et remédiation	runtime/lib/fleet/pilot/step_dispatcher/review_lifecycle/ci_gate.ex	385	169	169
L59	21 — Pilot : revue et remédiation	runtime/lib/fleet/pilot/step_dispatcher/review_lifecycle/remediation.ex	506	167	167
L59	21 — Pilot : revue et remédiation	runtime/test/fleet/pilot/step_dispatcher/review_lifecycle/ci_gate_dispatch_test.exs	384	67	67
L59	21 — Pilot : revue et remédiation	runtime/test/fleet/pilot/step_dispatcher/review_lifecycle/ci_gate_test.exs	495	99	99
L59	21 — Pilot : revue et remédiation	runtime/test/fleet/pilot/step_dispatcher/review_lifecycle/merge_failure_dispatch_test.exs	415	111	111
L60	21 — Pilot : revue et remédiation	runtime/lib/fleet/pilot/step_dispatcher/review_lifecycle/remediation/conflict_ladder.ex	495	156	156
L60	21 — Pilot : revue et remédiation	runtime/lib/fleet/pilot/step_dispatcher/review_lifecycle/role_dispatch.ex	370	145	145
L60	21 — Pilot : revue et remédiation	runtime/lib/fleet/pilot/step_dispatcher/review_lifecycle/verdict_exception.ex	164	63	63
L60	21 — Pilot : revue et remédiation	runtime/test/fleet/pilot/step_dispatcher/review_lifecycle/remediation/conflict_ladder_test.exs	94	10	10
L60	21 — Pilot : revue et remédiation	runtime/test/fleet/pilot/step_dispatcher/review_lifecycle/remediation_ci_escalation_test.exs	65	4	4
L60	21 — Pilot : revue et remédiation	runtime/test/fleet/pilot/step_dispatcher/review_lifecycle/remediation_out_of_band_test.exs	91	7	7
L60	21 — Pilot : revue et remédiation	runtime/test/fleet/pilot/step_dispatcher/review_lifecycle/rework_budget_dispatch_test.exs	203	38	38
L60	21 — Pilot : revue et remédiation	runtime/test/fleet/pilot/step_dispatcher/review_lifecycle/role_dispatch_test.exs	100	20	20
L60	21 — Pilot : revue et remédiation	runtime/test/fleet/pilot/step_dispatcher/review_lifecycle/verdict_exception_test.exs	177	36	36
L61	22 — Pilot : résultats et progression	runtime/lib/fleet/pilot/completion_outbox.ex	186	66	66
L61	22 — Pilot : résultats et progression	runtime/lib/fleet/pilot/step_run_completer.ex	1036	254	254
L61	22 — Pilot : résultats et progression	runtime/lib/fleet/pilot/step_run_completer/attestations.ex	225	73	73
L61	22 — Pilot : résultats et progression	runtime/lib/fleet/pilot/step_run_completer/emissions.ex	100	19	19
L61	22 — Pilot : résultats et progression	runtime/lib/fleet/pilot/step_run_completer/texts.ex	50	15	15
L61	22 — Pilot : résultats et progression	runtime/test/fleet/pilot/completion_outbox_replay_test.exs	151	39	39
L61	22 — Pilot : résultats et progression	runtime/test/fleet/pilot/completion_outbox_test.exs	98	21	21
L61	22 — Pilot : résultats et progression	runtime/test/fleet/pilot/step_run_completer/texts_test.exs	30	3	3
L61	22 — Pilot : résultats et progression	runtime/test/fleet/pilot/step_run_completer_as_role_test.exs	259	44	44
L61	22 — Pilot : résultats et progression	runtime/test/fleet/pilot/step_run_completer_spacing_test.exs	358	27	27
L61	22 — Pilot : résultats et progression	runtime/test/fleet/pilot/step_run_completer_test.exs	1588	194	194
L62	22 — Pilot : résultats et progression	runtime/lib/fleet/pilot/step_run_consumer.ex	1007	243	243
L62	22 — Pilot : résultats et progression	runtime/lib/fleet/pilot/step_run_consumer/gate_engine.ex	388	63	63
L62	22 — Pilot : résultats et progression	runtime/lib/fleet/pilot/step_run_consumer/gatekeeper_escalation.ex	159	45	45
L62	22 — Pilot : résultats et progression	runtime/lib/fleet/pilot/step_run_consumer/step_run_build.ex	249	44	44
L62	22 — Pilot : résultats et progression	runtime/lib/fleet/pilot/step_run_consumer/terminal_escalation.ex	276	88	88
L62	22 — Pilot : résultats et progression	runtime/lib/fleet/pilot/step_run_consumer/verdict.ex	427	171	171
L62	22 — Pilot : résultats et progression	runtime/test/fleet/pilot/step_run_consumer/gate_engine_system_outputs_test.exs	97	15	15
L62	22 — Pilot : résultats et progression	runtime/test/fleet/pilot/step_run_consumer/gate_engine_test.exs	100	7	7
L62	22 — Pilot : résultats et progression	runtime/test/fleet/pilot/step_run_consumer/inflight_completions_test.exs	34	2	2
L62	22 — Pilot : résultats et progression	runtime/test/fleet/pilot/step_run_consumer/step_run_build_test.exs	199	20	20
L62	22 — Pilot : résultats et progression	runtime/test/fleet/pilot/step_run_consumer/terminal_escalation_test.exs	179	29	29
L62	22 — Pilot : résultats et progression	runtime/test/fleet/pilot/step_run_consumer_test.exs	651	87	87
L63	22 — Pilot : résultats et progression	runtime/lib/fleet/pilot/step_run_consumer/verdict_correction.ex	220	72	72
L63	22 — Pilot : résultats et progression	runtime/lib/fleet/pilot/workflow_map_nav.ex	118	37	37
L63	22 — Pilot : résultats et progression	runtime/test/fleet/pilot/step_run_consumer/verdict_correction_flag_test.exs	44	30	30
L63	22 — Pilot : résultats et progression	runtime/test/fleet/pilot/step_run_consumer/verdict_correction_test.exs	220	27	27
L63	22 — Pilot : résultats et progression	runtime/test/fleet/pilot/step_run_consumer/verdict_findings_test.exs	161	36	36
L63	22 — Pilot : résultats et progression	runtime/test/fleet/pilot/step_run_consumer_default_seam_test.exs	32	9	9
L63	22 — Pilot : résultats et progression	runtime/test/fleet/pilot/step_run_consumer_gate_test.exs	1448	232	232
L63	22 — Pilot : résultats et progression	runtime/test/fleet/pilot/step_run_consumer_producers_test.exs	175	25	25
L63	22 — Pilot : résultats et progression	runtime/test/fleet/pilot/workflow_map_nav_test.exs	149	10	10
L64	23 — Pilot : fusion et conflits	runtime/lib/fleet/pilot/conflict_apply.ex	160	42	42
L64	23 — Pilot : fusion et conflits	runtime/lib/fleet/pilot/conflict_probe.ex	238	70	70
L64	23 — Pilot : fusion et conflits	runtime/lib/fleet/pilot/conflict_report.ex	133	47	47
L64	23 — Pilot : fusion et conflits	runtime/lib/fleet/pilot/merge_and_promote.ex	990	417	417
L64	23 — Pilot : fusion et conflits	runtime/test/fleet/pilot/conflict_apply_test.exs	142	22	22
L64	23 — Pilot : fusion et conflits	runtime/test/fleet/pilot/conflict_probe_test.exs	333	57	57
L64	23 — Pilot : fusion et conflits	runtime/test/fleet/pilot/conflict_report_test.exs	128	13	13
L64	23 — Pilot : fusion et conflits	runtime/test/fleet/pilot/merge_and_promote_comment_test.exs	141	28	28
L64	23 — Pilot : fusion et conflits	runtime/test/fleet/pilot/merge_and_promote_test.exs	822	199	199
L65	23 — Pilot : fusion et conflits	runtime/lib/fleet/pilot/merge_outcome.ex	26	8	8
L65	23 — Pilot : fusion et conflits	runtime/test/fleet/pilot/merge_and_promote_reap_test.exs	130	20	20
L65	23 — Pilot : fusion et conflits	runtime/test/fleet/pilot/merge_and_promote_worktree_test.exs	171	60	60
L65	23 — Pilot : fusion et conflits	runtime/test/fleet/pilot/merge_outcome_test.exs	47	9	9
L66	24 — API et observation	runtime/lib/fleet/api.ex	44	13	13
L66	24 — API et observation	runtime/lib/fleet/api/application.ex	79	35	35
L66	24 — API et observation	runtime/lib/fleet/api/build_info.ex	178	33	33
L66	24 — API et observation	runtime/lib/fleet/api/control_router.ex	248	67	67
L66	24 — API et observation	runtime/lib/fleet/api/readiness.ex	160	20	20
L66	24 — API et observation	runtime/lib/fleet/api/spawn_admission.ex	235	88	88
L66	24 — API et observation	runtime/lib/fleet/observation.ex	34	8	8
L66	24 — API et observation	runtime/lib/fleet/observation/application.ex	83	34	34
L66	24 — API et observation	runtime/test/fleet/api/bind_address_test.exs	108	38	38
L66	24 — API et observation	runtime/test/fleet/api/build_info_test.exs	65	16	16
L66	24 — API et observation	runtime/test/fleet/api/control_router_test.exs	648	122	122
L66	24 — API et observation	runtime/test/fleet/api/readiness_test.exs	243	31	31
L67	24 — API et observation	runtime/lib/fleet/observation/deck.ex	304	106	106
L67	24 — API et observation	runtime/lib/fleet/observation/deck/view.ex	244	27	27
L67	24 — API et observation	runtime/lib/fleet/observation/read_model.ex	227	57	57
L67	24 — API et observation	runtime/test/fleet/observation/bind_address_test.exs	90	30	30
L67	24 — API et observation	runtime/test/fleet/observation/deck_stylesheet_test.exs	74	28	28
L67	24 — API et observation	runtime/test/fleet/observation/deck_test.exs	325	78	78
L67	24 — API et observation	runtime/test/fleet/observation/read_model_test.exs	132	27	27
L68	24b — Démarrage et arrêt de la flotte	runtime/lib/fleet/admiral.ex	63	30	30
L68	24b — Démarrage et arrêt de la flotte	runtime/lib/fleet/admiral/application.ex	93	39	39
L68	24b — Démarrage et arrêt de la flotte	runtime/lib/fleet/admiral/audit_consumer.ex	162	43	43
L68	24b — Démarrage et arrêt de la flotte	runtime/lib/fleet/admiral/boot_orchestrator.ex	118	14	14
L68	24b — Démarrage et arrêt de la flotte	runtime/lib/fleet/admiral/mcp_monitor.ex	150	41	41
L68	24b — Démarrage et arrêt de la flotte	runtime/lib/fleet/admiral/shutdown.ex	350	152	152
L68	24b — Démarrage et arrêt de la flotte	runtime/test/fleet/admiral/application_boot_knob_test.exs	40	11	11
L68	24b — Démarrage et arrêt de la flotte	runtime/test/fleet/admiral/audit_consumer_resubscribe_test.exs	155	37	37
L68	24b — Démarrage et arrêt de la flotte	runtime/test/fleet/admiral/audit_consumer_test.exs	52	8	8
L68	24b — Démarrage et arrêt de la flotte	runtime/test/fleet/admiral/boot_orchestrator_test.exs	118	8	8
L68	24b — Démarrage et arrêt de la flotte	runtime/test/fleet/admiral/mcp_monitor_test.exs	211	25	25
L68	24b — Démarrage et arrêt de la flotte	runtime/test/fleet/admiral/shutdown_test.exs	100	22	22
L69	24b — Démarrage et arrêt de la flotte	runtime/lib/fleet/admiral/toolchain_reconciler.ex	492	148	148
L69	24b — Démarrage et arrêt de la flotte	runtime/lib/fleet/application.ex	196	109	109
L69	24b — Démarrage et arrêt de la flotte	runtime/lib/fleet/application/catalogue_deposits.ex	329	152	152
L69	24b — Démarrage et arrêt de la flotte	runtime/lib/fleet/application/catalogue_lifecycle.ex	313	156	156
L69	24b — Démarrage et arrêt de la flotte	runtime/test/fleet/admiral/shutdown_aggregate_test.exs	146	36	36
L69	24b — Démarrage et arrêt de la flotte	runtime/test/fleet/admiral/toolchain_reconciler_test.exs	474	83	83
L69	24b — Démarrage et arrêt de la flotte	runtime/test/fleet/application/catalogue_deposits_test.exs	377	64	64
L69	24b — Démarrage et arrêt de la flotte	runtime/test/fleet/application/catalogue_lifecycle_test.exs	404	86	86
L70	24b — Démarrage et arrêt de la flotte	runtime/lib/fleet/application/catalogue_verify.ex	230	85	85
L70	24b — Démarrage et arrêt de la flotte	runtime/test/fleet/application/catalogue_verify_test.exs	280	67	67
L70	24b — Démarrage et arrêt de la flotte	runtime/test/fleet/application_prep_stop_test.exs	23	9	9
L71	25a — Mix : commandes et catalogue	runtime/lib/mix/tasks/lcars.catalogue.roles.ex	79	32	32
L71	25a — Mix : commandes et catalogue	runtime/lib/mix/tasks/lcars.catalogue.verify.ex	71	18	18
L71	25a — Mix : commandes et catalogue	runtime/lib/mix/tasks/lcars.provenance.verify.ex	71	10	10
L71	25a — Mix : commandes et catalogue	runtime/lib/mix/tasks/lcars.slug_witness.ex	114	46	46
L71	25a — Mix : commandes et catalogue	runtime/lib/mix/tasks/lcars.sp.gen.ex	110	37	37
L71	25a — Mix : commandes et catalogue	runtime/lib/mix/tasks/lcars.test.view.ex	291	53	53
L71	25a — Mix : commandes et catalogue	runtime/lib/mix/tasks/lcars.topology.ex	373	94	94
L71	25a — Mix : commandes et catalogue	runtime/lib/mix/tasks/lcars/contracts/check/catalogue.ex	745	213	213
L71	25a — Mix : commandes et catalogue	runtime/lib/mix/tasks/lcars/contracts/check/types.ex	331	117	117
L71	25a — Mix : commandes et catalogue	runtime/test/mix/catalogue_enumerations_check_test.exs	127	26	26
L71	25a — Mix : commandes et catalogue	runtime/test/mix/catalogue_family_check_test.exs	277	38	38
L71	25a — Mix : commandes et catalogue	runtime/test/mix/catalogue_roles_test.exs	213	81	81
L72	25a — Mix : commandes et catalogue	runtime/test/mix/slug_witness_test.exs	96	25	25
L72	25a — Mix : commandes et catalogue	runtime/test/mix/test_view_test.exs	138	14	14
L73	25b — Mix : contrats runtime et artefacts	runtime/lib/mix/tasks/lcars/contracts/check/artifact.ex	762	256	256
L73	25b — Mix : contrats runtime et artefacts	runtime/lib/mix/tasks/lcars/contracts/check/boot.ex	180	56	56
L73	25b — Mix : contrats runtime et artefacts	runtime/lib/mix/tasks/lcars/contracts/check/events.ex	614	173	173
L74	25b — Mix : contrats runtime et artefacts	runtime/lib/mix/tasks/lcars/contracts/check/runtime.ex	1356	443	443
L74	25b — Mix : contrats runtime et artefacts	runtime/test/mix/bare_alias_check_test.exs	108	17	17
L74	25b — Mix : contrats runtime et artefacts	runtime/test/mix/boot_artifact_check_test.exs	403	60	60
L74	25b — Mix : contrats runtime et artefacts	runtime/test/mix/eval_doors_stdout_check_test.exs	255	69	69
L74	25b — Mix : contrats runtime et artefacts	runtime/test/mix/events_family_check_test.exs	392	60	60
L74	25b — Mix : contrats runtime et artefacts	runtime/test/mix/runtime_family_check_test.exs	404	55	55
L75	25c — Mix : sources de vérité et déclarations	runtime/lib/mix/tasks/lcars/contracts/check/single_source.ex	1365	427	427
L75	25c — Mix : sources de vérité et déclarations	runtime/test/mix/cap_profile_project_keys_check_test.exs	134	25	25
L75	25c — Mix : sources de vérité et déclarations	runtime/test/mix/forge_fields_check_test.exs	132	23	23
L75	25c — Mix : sources de vérité et déclarations	runtime/test/mix/layout_single_source_check_test.exs	347	88	88
L75	25c — Mix : sources de vérité et déclarations	runtime/test/mix/proven_image_regime_check_test.exs	114	23	23
L75	25c — Mix : sources de vérité et déclarations	runtime/test/mix/seam_surface_check_test.exs	171	23	23
L75	25c — Mix : sources de vérité et déclarations	runtime/test/mix/single_source_family_check_test.exs	325	56	56
L76	25d — Mix : contrats des outils	runtime/lib/mix/tasks/lcars/contracts/check/tools.ex	1512	463	463
L76	25d — Mix : contrats des outils	runtime/test/mix/capabilities_exercisable_check_test.exs	143	23	23
L76	25d — Mix : contrats des outils	runtime/test/mix/tool_descriptions_check_test.exs	136	44	44
L76	25d — Mix : contrats des outils	runtime/test/mix/tool_effects_check_test.exs	134	21	21
L76	25d — Mix : contrats des outils	runtime/test/mix/tools_gated_check_test.exs	264	24	24
L77	25e — Mix : infrastructure des contrôles	runtime/lib/mix/tasks/lcars.contracts.check.ex	223	69	69
L77	25e — Mix : infrastructure des contrôles	runtime/lib/mix/tasks/lcars/contracts/check/support.ex	509	196	196
L77	25e — Mix : infrastructure des contrôles	runtime/lib/mix/tasks/lcars/contracts/check/tests.ex	677	224	224
L77	25e — Mix : infrastructure des contrôles	runtime/test/mix/derniers_murs_check_test.exs	892	119	119
L77	25e — Mix : infrastructure des contrôles	runtime/test/mix/lcars_contracts_check_test.exs	799	152	152
L77	25e — Mix : infrastructure des contrôles	runtime/test/mix/no_check_passes_on_nothing_test.exs	209	99	99
L78	25e — Mix : infrastructure des contrôles	runtime/test/mix/test_corpora_check_test.exs	174	42	42
L78	25e — Mix : infrastructure des contrôles	runtime/test/mix/tests_corpus_walls_check_test.exs	281	72	72
L79	26 — Infrastructure des tests	runtime/test/fleet/os_probe_test.exs	163	36	36
L79	26 — Infrastructure des tests	runtime/test/support/authority_double.ex	174	60	60
L79	26 — Infrastructure des tests	runtime/test/support/barrier.ex	74	65	65
L79	26 — Infrastructure des tests	runtime/test/support/cap_profile_fixture.ex	50	21	21
L79	26 — Infrastructure des tests	runtime/test/support/catalogue_isolation.ex	48	23	23
L79	26 — Infrastructure des tests	runtime/test/support/os_probe.ex	108	65	65
L79	26 — Infrastructure des tests	runtime/test/support/probe_seam.ex	10	5	5
L79	26 — Infrastructure des tests	runtime/test/support/test_env.ex	147	91	91
L79	26 — Infrastructure des tests	runtime/test/support/time_formatter.ex	57	21	21
L79	26 — Infrastructure des tests	runtime/test/test_helper.exs	77	49	49
L80	27 — Configuration et construction	runtime/.credo.exs	221	86	86
L80	27 — Configuration et construction	runtime/.dialyzer_ignore.exs	10	7	7
L80	27 — Configuration et construction	runtime/.formatter.exs	4	1	1
L80	27 — Configuration et construction	runtime/config/config.exs	60	47	47
L80	27 — Configuration et construction	runtime/config/runtime.exs	974	599	599
L80	27 — Configuration et construction	runtime/config/test.exs	149	96	96
L80	27 — Configuration et construction	runtime/test/fleet/config_knobs_test.exs	150	43	43
L81	27 — Configuration et construction	runtime/mix.exs	310	153	153
L81	27 — Configuration et construction	runtime/test/fleet/runtime_exs_guard_b_test.exs	92	22	22
L81	27 — Configuration et construction	runtime/test/fleet/seam_key_naming_test.exs	166	65	65
L81	27 — Configuration et construction	runtime/test/mix/gate_composition_test.exs	136	39	39
