lot	path	base_lines	final_lines	base_prose	final_prose	removed_prose	modified
L00	runtime/lib/fleet/spawner.ex	827	577	399	149	250	true
L00	runtime/lib/fleet/spawner/pod.ex	1482	1126	437	88	349	true
L00	runtime/lib/fleet/spawner/supervisor.ex	46	27	25	6	19	true
L01	runtime/lib/fleet/spawner/application.ex	101	93	22	14	8	true
L01	runtime/lib/fleet/spawner/canon_proof.ex	142	133	27	18	9	true
L01	runtime/lib/fleet/spawner/permanent_boot.ex	251	199	92	40	52	true
L01	runtime/lib/fleet/spawner/permanent_warden.ex	318	277	76	35	41	true
L01	runtime/test/fleet/spawner/canon_proof_test.exs	73	65	14	6	8	true
L01	runtime/test/fleet/spawner/permanent_boot_test.exs	442	394	57	9	48	true
L01	runtime/test/fleet/spawner/permanent_warden_test.exs	314	267	54	8	46	true
L01	runtime/test/fleet/spawner_test.exs	814	692	143	21	122	true
L01	runtime/test/support/spawner/launch_stub.ex	32	32	0	0	0	false
L01	runtime/test/support/spawner/mcp_socket_stub.ex	29	20	16	7	9	true
L02	runtime/lib/fleet/spawner/pod/backend.ex	125	121	32	28	4	true
L02	runtime/lib/fleet/spawner/pod/fs.ex	26	26	8	8	0	false
L02	runtime/lib/fleet/spawner/pod/paths.ex	92	92	36	36	0	false
L02	runtime/lib/fleet/spawner/pod_tmux.ex	243	215	92	64	28	true
L02	runtime/lib/fleet/spawner/pod_warden.ex	237	221	52	36	16	true
L02	runtime/lib/fleet/spawner/publish_consumer.ex	212	202	26	16	10	true
L02	runtime/test/fleet/spawner/pod_test.exs	2781	2456	440	113	327	true
L02	runtime/test/fleet/spawner/pod_tmux_test.exs	126	106	26	6	20	true
L02	runtime/test/fleet/spawner/pod_warden_gc_test.exs	104	95	14	5	9	true
L02	runtime/test/fleet/spawner/pod_warden_test.exs	237	208	34	5	29	true
L02	runtime/test/fleet/spawner/publish_consumer_test.exs	446	402	59	15	44	true
L02	runtime/test/fleet/spawner/quiesce_gate_test.exs	80	69	18	7	11	true
L03	runtime/test/fleet/spawner/restart_strategy_test.exs	17	14	5	2	3	true
L03	runtime/test/fleet/spawner/seam_defaults_test.exs	45	21	29	5	24	true
L04	runtime/lib/fleet/spawner/launch_backend.ex	46	45	20	19	1	true
L04	runtime/lib/fleet/spawner/launch_backend/launcher_port_backend.ex	101	90	27	16	11	true
L04	runtime/lib/fleet/spawner/mcp_socket_provisioner.ex	53	41	36	24	12	true
L04	runtime/lib/fleet/spawner/pod/assets.ex	258	198	107	47	60	true
L04	runtime/lib/fleet/spawner/pod/brief.ex	169	121	75	27	48	true
L04	runtime/test/fleet/spawner/bwrap_launch_contract_test.exs	55	44	16	5	11	true
L04	runtime/test/fleet/spawner/launch_backend/launcher_port_backend_test.exs	100	96	10	6	4	true
L04	runtime/test/fleet/spawner/launch_backend_test.exs	41	37	5	1	4	true
L04	runtime/test/fleet/spawner/pod/assets_protocol_test.exs	110	96	21	7	14	true
L04	runtime/test/fleet/spawner/pod/assets_settings_test.exs	53	45	12	4	8	true
L04	runtime/test/fleet/spawner/pod/brief_test.exs	43	40	4	1	3	true
L05	runtime/lib/fleet/spawner/pod/egress.ex	504	375	193	64	129	true
L05	runtime/lib/fleet/spawner/pod/egress/vendor.ex	79	54	41	16	25	true
L05	runtime/lib/fleet/spawner/pod/launch_env.ex	295	201	124	30	94	true
L05	runtime/lib/fleet/spawner/pod/launch_spec.ex	754	573	305	123	182	true
L05	runtime/test/fleet/spawner/pod/egress_test.exs	527	460	90	23	67	true
L05	runtime/test/fleet/spawner/pod/launch_spec_compression_test.exs	103	85	24	6	18	true
L05	runtime/test/fleet/spawner/pod/launch_spec_debug_test.exs	76	68	12	4	8	true
L05	runtime/test/fleet/spawner/pod/launch_spec_test.exs	559	479	97	18	79	true
L06	runtime/lib/fleet/spawner/pod/mcp_provision.ex	237	172	104	39	65	true
L06	runtime/lib/fleet/spawner/pod/scaffold.ex	265	199	104	38	66	true
L06	runtime/lib/fleet/spawner/pod/session_files.ex	98	79	42	23	19	true
L06	runtime/test/fleet/spawner/pod/mcp_provision_test.exs	33	30	5	2	3	true
L06	runtime/test/fleet/spawner/pod/scaffold_enrich_test.exs	117	107	16	6	10	true
L06	runtime/test/fleet/spawner/pod_skills_plugins_test.exs	58	52	10	4	6	true
L07	runtime/lib/fleet/spawner/boot_epoch.ex	38	38	7	7	0	false
L07	runtime/lib/fleet/spawner/pod/recovery.ex	59	54	27	22	5	true
L07	runtime/lib/fleet/spawner/pod/session_mint.ex	124	72	66	14	52	true
L07	runtime/lib/fleet/spawner/pod/state_fs.ex	194	163	58	27	31	true
L07	runtime/lib/fleet/spawner/pool_slot.ex	201	126	112	37	75	true
L07	runtime/lib/fleet/spawner/seed_store.ex	418	342	141	65	76	true
L07	runtime/lib/fleet/spawner/session_id.ex	108	63	80	35	45	true
L07	runtime/test/fleet/spawner/pool_slot_survivor_test.exs	81	77	10	6	4	true
L07	runtime/test/fleet/spawner/pool_slot_test.exs	166	131	43	8	35	true
L07	runtime/test/fleet/spawner/recovery_test.exs	33	24	8	0	8	true
L07	runtime/test/fleet/spawner/seed_store_test.exs	649	587	92	31	61	true
L07	runtime/test/fleet/spawner/session_id_test.exs	165	146	29	10	19	true
L08	runtime/lib/fleet/spawner/pod/completed_payload.ex	95	90	17	12	5	true
L08	runtime/lib/fleet/spawner/pod/events.ex	78	78	21	21	0	false
L08	runtime/lib/fleet/spawner/pod/kick.ex	203	112	133	43	90	true
L08	runtime/lib/fleet/spawner/pod/liveness.ex	269	181	129	42	87	true
L08	runtime/lib/fleet/spawner/pod/publishing.ex	58	58	26	26	0	false
L08	runtime/lib/fleet/spawner/pod/task_probe.ex	162	100	100	38	62	true
L08	runtime/lib/fleet/spawner/pod/turn_flag.ex	119	109	40	30	10	true
L08	runtime/test/fleet/spawner/pod/completed_payload_test.exs	146	130	16	0	16	true
L08	runtime/test/fleet/spawner/pod/events_test.exs	57	54	6	3	3	true
L08	runtime/test/fleet/spawner/pod/liveness_test.exs	132	112	30	11	19	true
L08	runtime/test/fleet/spawner/pod/turn_flag_test.exs	66	61	12	7	5	true
L08	runtime/test/fleet/spawner/pod_kick_test.exs	188	164	39	14	25	true
L09	runtime/test/fleet/spawner/pod_kick_repl_up_test.exs	68	63	12	7	5	true
L10	runtime/lib/fleet/layout.ex	578	396	352	170	182	true
L10	runtime/lib/fleet/toolchain.ex	323	233	158	69	89	true
L10	runtime/test/fleet/layout_test.exs	313	251	80	18	62	true
L10	runtime/test/fleet/toolchain_test.exs	217	188	37	8	29	true
L11	runtime/lib/fleet/durable_log.ex	127	92	56	21	35	true
L11	runtime/lib/fleet/env_parse.ex	127	114	40	27	13	true
L11	runtime/lib/fleet/findings_wire.ex	201	132	112	43	69	true
L11	runtime/lib/fleet/git_ref.ex	39	39	13	13	0	false
L11	runtime/lib/fleet/grace.ex	46	28	36	18	18	true
L11	runtime/test/fleet/durable_log_test.exs	95	85	17	7	10	true
L11	runtime/test/fleet/env_parse_test.exs	85	85	2	2	0	false
L11	runtime/test/fleet/findings_wire_test.exs	132	113	23	4	19	true
L11	runtime/test/fleet/git_ref_property_test.exs	145	107	49	13	36	true
L11	runtime/test/fleet/git_ref_test.exs	48	42	11	5	6	true
L11	runtime/test/fleet/grace_test.exs	55	52	8	5	3	true
L12	runtime/lib/fleet/labels.ex	321	184	210	73	137	true
L12	runtime/lib/fleet/opts.ex	36	29	20	13	7	true
L12	runtime/lib/fleet/periodic_check.ex	138	85	80	27	53	true
L12	runtime/lib/fleet/pod_id.ex	75	70	27	22	5	true
L12	runtime/lib/fleet/reception_filter.ex	77	60	37	20	17	true
L12	runtime/lib/fleet/release_door.ex	48	28	31	11	20	true
L12	runtime/test/fleet/labels_test.exs	172	143	45	16	29	true
L12	runtime/test/fleet/opts_exported_test.exs	20	17	5	2	3	true
L12	runtime/test/fleet/periodic_check_test.exs	168	159	20	11	9	true
L12	runtime/test/fleet/pod_id_test.exs	86	77	13	4	9	true
L12	runtime/test/fleet/reception_filter_test.exs	58	58	2	2	0	false
L12	runtime/test/fleet/release_door_test.exs	57	43	20	6	14	true
L13	runtime/lib/fleet/shutdown/quiesce.ex	123	102	42	21	21	true
L13	runtime/lib/fleet/slug.ex	163	151	90	78	12	true
L13	runtime/lib/fleet/system_config.ex	99	86	26	13	13	true
L13	runtime/test/fleet/shutdown/quiesce_test.exs	138	124	20	6	14	true
L13	runtime/test/fleet/slug_property_test.exs	192	139	65	16	49	true
L13	runtime/test/fleet/slug_test.exs	125	118	13	7	6	true
L13	runtime/test/fleet/system_config_test.exs	74	64	15	5	10	true
L14	runtime/lib/fleet/cap_profile.ex	1065	832	476	243	233	true
L14	runtime/lib/fleet/cap_profile/canonical_json.ex	51	51	13	13	0	false
L14	runtime/test/fleet/cap_profile/canonical_json_property_test.exs	126	86	46	9	37	true
L14	runtime/test/fleet/cap_profile_test.exs	1700	1513	226	53	173	true
L15	runtime/lib/fleet/cap_profile/catalog.ex	554	412	237	96	141	true
L15	runtime/lib/fleet/cap_profile/disallowed_tools.ex	81	82	20	21	-1	true
L15	runtime/lib/fleet/cap_profile/image.ex	239	181	94	36	58	true
L15	runtime/lib/fleet/cap_profile/invariants.ex	265	189	112	36	76	true
L15	runtime/lib/fleet/cap_profile/loader.ex	16	16	5	5	0	false
L15	runtime/lib/fleet/cap_profile/schema.ex	232	161	97	27	70	true
L15	runtime/test/fleet/cap_profile/conformance_test.exs	413	351	90	28	62	true
L15	runtime/test/fleet/cap_profile/declaration_schema_test.exs	97	94	10	7	3	true
L15	runtime/test/fleet/cap_profile/disk_scope_test.exs	147	124	32	9	23	true
L15	runtime/test/fleet/cap_profile/monks_conformance_test.exs	116	104	19	7	12	true
L15	runtime/test/fleet/cap_profile/monks_frozen_test.exs	51	47	8	4	4	true
L15	runtime/test/fleet/cap_profile_image_test.exs	174	153	34	13	21	true
L16	runtime/lib/fleet/catalogue.ex	858	550	486	179	307	true
L16	runtime/lib/fleet/schema_cache.ex	98	79	50	31	19	true
L16	runtime/test/fleet/cap_profile_reserved_seat_test.exs	144	133	24	13	11	true
L16	runtime/test/fleet/catalogue_store_address_test.exs	68	46	32	10	22	true
L16	runtime/test/fleet/catalogue_test.exs	525	463	84	22	62	true
L16	runtime/test/fleet/loader_envelope_test.exs	377	320	79	22	57	true
L16	runtime/test/fleet/schema_cache_test.exs	158	145	22	9	13	true
L17	runtime/lib/fleet/credentials.ex	19	19	4	4	0	false
L17	runtime/lib/fleet/credentials/authority.ex	130	107	46	23	23	true
L17	runtime/lib/fleet/credentials/forge_auth.ex	182	129	94	41	53	true
L17	runtime/lib/fleet/credentials/forge_identity.ex	265	190	123	49	74	true
L17	runtime/lib/fleet/credentials/gate.ex	80	69	31	20	11	true
L17	runtime/lib/fleet/credentials/human.ex	60	60	14	14	0	true
L17	runtime/lib/fleet/credentials/role_identity.ex	100	71	61	32	29	true
L17	runtime/test/fleet/credentials/forge_auth_test.exs	181	157	30	6	24	true
L17	runtime/test/fleet/credentials/forge_identity_test.exs	93	84	17	8	9	true
L17	runtime/test/fleet/credentials/gate_test.exs	105	100	10	5	5	true
L17	runtime/test/fleet/credentials/role_identity_test.exs	76	66	13	3	10	true
L18	runtime/lib/fleet/credentials/role_token.ex	152	111	68	27	41	true
L18	runtime/lib/fleet/credentials/shell.ex	468	306	238	76	162	true
L18	runtime/test/fleet/credentials/role_token_test.exs	99	62	41	5	36	true
L18	runtime/test/fleet/credentials/shell_test.exs	380	312	94	26	68	true
L19	runtime/lib/fleet/project_bootstrap.ex	26	19	11	4	7	true
L19	runtime/lib/fleet/project_bootstrap/phase.ex	725	498	332	106	226	true
L19	runtime/lib/fleet/sp_builder.ex	456	389	132	65	67	true
L19	runtime/test/fleet/modops_consumption_test.exs	128	96	44	12	32	true
L19	runtime/test/fleet/project_bootstrap/clone_test.exs	777	688	157	70	87	true
L19	runtime/test/fleet/project_bootstrap/trailer_hook_test.exs	198	174	36	12	24	true
L19	runtime/test/fleet/sp_builder_test.exs	527	442	104	25	79	true
L20	runtime/lib/fleet/sp_builder/blocks.ex	183	142	80	39	41	true
L20	runtime/lib/fleet/sp_builder/composer.ex	22	22	3	3	0	false
L20	runtime/lib/fleet/sp_builder/image.ex	458	374	159	75	84	true
L20	runtime/lib/fleet/sp_builder/monk.ex	106	93	38	25	13	true
L20	runtime/lib/fleet/sp_builder/repo_sections.ex	199	143	88	32	56	true
L20	runtime/test/fleet/sp_builder/blocks_test.exs	225	198	39	12	27	true
L20	runtime/test/fleet/sp_builder/repo_sections_test.exs	223	201	36	14	22	true
L20	runtime/test/fleet/sp_builder/sp_image_invariants_test.exs	181	157	47	23	24	true
L20	runtime/test/fleet/sp_builder_image_parity_test.exs	126	109	28	11	17	true
L20	runtime/test/fleet/sp_builder_image_test.exs	394	339	86	31	55	true
L20	runtime/test/fleet/sp_builder_monk_test.exs	84	78	13	7	6	true
L21	runtime/lib/fleet/event.ex	123	123	26	26	0	true
L21	runtime/lib/fleet/event_router.ex	29	29	7	7	0	true
L21	runtime/lib/fleet/event_router/application.ex	142	125	30	13	17	true
L21	runtime/lib/fleet/event_router/bind_address.ex	62	62	10	10	0	true
L21	runtime/lib/fleet/event_router/bus.ex	254	230	88	64	24	true
L21	runtime/lib/fleet/event_router/catalog.ex	196	172	48	24	24	true
L21	runtime/test/fleet/event_router/application_escalation_test.exs	28	23	9	4	5	true
L21	runtime/test/fleet/event_router/bind_address_test.exs	81	75	12	6	6	true
L21	runtime/test/fleet/event_router/bus_registry_empty_test.exs	112	99	26	13	13	true
L21	runtime/test/fleet/event_router/bus_safe_emit_test.exs	186	164	33	11	22	true
L21	runtime/test/fleet/event_router/bus_test.exs	123	108	19	5	14	true
L21	runtime/test/fleet/event_test.exs	108	104	10	6	4	true
L22	runtime/lib/fleet/event_router/listener.ex	59	52	27	20	7	true
L22	runtime/lib/fleet/event_router/signals_os.ex	23	23	6	6	0	false
L22	runtime/lib/fleet/event_router/unix_listener.ex	122	92	53	24	29	true
L22	runtime/lib/fleet/event_router/webhooks_gitea.ex	298	238	105	45	60	true
L22	runtime/test/fleet/event_router/catalog_fail_loud_test.exs	105	91	22	8	14	true
L22	runtime/test/fleet/event_router/catalog_routing_test.exs	160	149	18	8	10	true
L22	runtime/test/fleet/event_router/events_schema_test.exs	77	70	15	8	7	true
L22	runtime/test/fleet/event_router/r1_seam_broadcast_test.exs	48	40	17	9	8	true
L22	runtime/test/fleet/event_router/registry_gitea_test.exs	31	29	7	5	2	true
L22	runtime/test/fleet/event_router/signals_os_test.exs	13	13	2	2	0	false
L22	runtime/test/fleet/event_router/unix_listener_test.exs	130	112	33	15	18	true
L22	runtime/test/fleet/event_router/webhooks_gitea_test.exs	368	346	43	21	22	true
L23	runtime/lib/fleet/publish/in_flight.ex	47	47	13	13	0	true
L23	runtime/lib/fleet/task_queue.ex	160	155	50	45	5	true
L23	runtime/lib/fleet/task_queue/application.ex	24	21	4	1	3	true
L23	runtime/lib/fleet/task_queue/broadcast.ex	115	93	54	32	22	true
L23	runtime/lib/fleet/task_queue/server.ex	555	430	176	53	123	true
L23	runtime/lib/fleet/task_queue/work_item.ex	178	140	62	26	36	true
L23	runtime/test/fleet/publish/in_flight_test.exs	46	45	5	4	1	true
L23	runtime/test/fleet/task_queue_test.exs	806	718	170	85	85	true
L24	runtime/lib/fleet/conflict.ex	133	83	77	27	50	true
L24	runtime/lib/fleet/conflict/assemble.ex	99	95	17	13	4	true
L24	runtime/lib/fleet/conflict/classifier.ex	164	160	17	13	4	true
L24	runtime/lib/fleet/conflict/diff.ex	271	247	54	30	24	true
L24	runtime/lib/fleet/conflict/parser.ex	126	115	27	17	10	true
L24	runtime/lib/fleet/conflict/pattern.ex	31	26	11	6	5	true
L24	runtime/lib/fleet/conflict/patterns/complex.ex	26	25	5	4	1	true
L24	runtime/lib/fleet/conflict/patterns/delete_no_change.ex	56	54	7	5	2	true
L24	runtime/lib/fleet/conflict/patterns/insertion_at_boundary.ex	100	99	11	10	1	true
L24	runtime/lib/fleet/conflict/patterns/non_overlapping.ex	61	52	18	9	9	true
L24	runtime/test/fleet/conflict/conflict_test.exs	199	167	46	14	32	true
L24	runtime/test/fleet/conflict/patterns_test.exs	260	228	51	19	32	true
L25	runtime/lib/fleet/conflict/patterns/one_side_change.ex	41	42	3	4	-1	true
L25	runtime/lib/fleet/conflict/patterns/reorder_only.ex	53	54	4	5	-1	true
L25	runtime/lib/fleet/conflict/patterns/same_change.ex	31	31	3	3	0	true
L25	runtime/lib/fleet/conflict/patterns/utils.ex	382	372	39	34	5	true
L25	runtime/lib/fleet/conflict/patterns/value_only_change.ex	59	59	6	6	0	true
L25	runtime/lib/fleet/conflict/patterns/whitespace_only.ex	52	52	5	5	0	true
L25	runtime/lib/fleet/conflict/score.ex	76	63	27	14	13	true
L25	runtime/lib/fleet/conflict/types.ex	109	99	32	22	10	true
L26	runtime/lib/fleet/forge.ex	158	100	96	38	58	true
L26	runtime/test/fleet/forge/actions_test.exs	321	294	49	22	27	true
L27	runtime/lib/fleet/forge/client.ex	1306	1103	479	276	203	true
L27	runtime/test/fleet/forge/client_test.exs	2569	2408	340	180	160	true
L28	runtime/lib/fleet/forge/client/actions.ex	310	201	164	55	109	true
L28	runtime/lib/fleet/forge/client/ci.ex	148	96	74	22	52	true
L28	runtime/lib/fleet/forge/client/files.ex	119	118	27	26	1	true
L28	runtime/lib/fleet/forge/client/jury.ex	487	350	204	67	137	true
L28	runtime/lib/fleet/forge/client/labels.ex	288	229	84	26	58	true
L28	runtime/lib/fleet/forge/client/merge.ex	189	145	63	19	44	true
L28	runtime/lib/fleet/forge/client/repo.ex	515	432	184	101	83	true
L28	runtime/lib/fleet/forge/client/signing.ex	112	89	35	12	23	true
L28	runtime/test/fleet/forge/client/bot_login_cache_test.exs	220	190	41	11	30	true
L29	runtime/lib/fleet/forge/client/transport.ex	451	331	169	49	120	true
L29	runtime/lib/fleet/forge/client/url_safe.ex	38	38	15	15	0	true
L29	runtime/lib/fleet/forge/payload.ex	188	158	50	20	30	true
L29	runtime/test/fleet/forge/client/url_safe_test.exs	41	37	8	4	4	true
L29	runtime/test/fleet/forge/client_ci_state_test.exs	295	259	57	21	36	true
L29	runtime/test/fleet/forge/client_close_issue_kind_test.exs	51	45	12	6	6	true
L29	runtime/test/fleet/forge/client_pagination_test.exs	138	122	24	8	16	true
L29	runtime/test/fleet/forge/jury_verdict_function_test.exs	268	243	34	9	25	true
L29	runtime/test/fleet/forge/merge_405_test.exs	116	102	22	8	14	true
L29	runtime/test/fleet/forge/payload_fixture_test.exs	120	103	30	13	17	true
L29	runtime/test/fleet/forge/payload_test.exs	99	84	24	9	15	true
L30	runtime/lib/fleet/forge/protocol.ex	540	399	312	180	132	true
L30	runtime/lib/fleet/forge/write_spacing.ex	27	22	15	10	5	true
L30	runtime/test/fleet/forge/protocol_property_test.exs	154	119	45	12	33	true
L30	runtime/test/fleet/forge/protocol_test.exs	204	195	17	9	8	true
L30	runtime/test/support/forge/payload_fixture.ex	99	77	42	20	22	true
L31	runtime/lib/fleet/roster.ex	266	176	138	48	90	true
L31	runtime/lib/fleet/workflow.ex	77	46	42	11	31	true
L31	runtime/lib/fleet/workflow/brief_artifact.ex	208	141	110	43	67	true
L31	runtime/lib/fleet/workflow/brief_template.ex	34	36	8	10	-2	true
L31	runtime/lib/fleet/workflow/card_roles.ex	158	121	59	22	37	true
L31	runtime/lib/fleet/workflow/catalogue_guards.ex	172	120	68	16	52	true
L31	runtime/test/fleet/roster_test.exs	82	77	12	7	5	true
L31	runtime/test/fleet/workflow/brief_artifact_test.exs	298	267	51	20	31	true
L31	runtime/test/fleet/workflow/brief_template_test.exs	43	42	6	5	1	true
L31	runtime/test/fleet/workflow/card_roles_test.exs	243	215	39	11	28	true
L31	runtime/test/fleet/workflow/catalogue_guards_test.exs	44	43	5	4	1	true
L32	runtime/lib/fleet/workflow/deliverable.ex	221	193	55	28	27	true
L32	runtime/lib/fleet/workflow/deliverable_gate.ex	390	324	127	61	66	true
L32	runtime/lib/fleet/workflow/gate.ex	12	12	4	4	0	false
L32	runtime/lib/fleet/workflow/gate_brief.ex	105	76	49	20	29	true
L32	runtime/lib/fleet/workflow/gate_decision.ex	12	12	5	5	0	false
L32	runtime/test/fleet/workflow/deliverable_gate_test.exs	498	437	95	39	56	true
L32	runtime/test/fleet/workflow/deliverable_gate_timeout_test.exs	43	36	11	4	7	true
L32	runtime/test/fleet/workflow/deliverable_gate_trailer_test.exs	187	184	11	9	2	true
L32	runtime/test/fleet/workflow/deliverable_test.exs	476	462	36	22	14	true
L32	runtime/test/fleet/workflow/gate_brief_findings_contract_test.exs	34	26	11	3	8	true
L32	runtime/test/fleet/workflow/gate_brief_test.exs	117	108	15	5	10	true
L32	runtime/test/fleet/workflow/gate_decision_test.exs	87	78	19	10	9	true
L33	runtime/lib/fleet/workflow/gates.ex	128	87	60	19	41	true
L33	runtime/lib/fleet/workflow/gates/predicate.ex	170	114	99	43	56	true
L33	runtime/lib/fleet/workflow/git.ex	598	581	122	106	16	true
L33	runtime/lib/fleet/workflow/graph_validator.ex	143	145	16	18	-2	true
L33	runtime/lib/fleet/workflow/loader.ex	468	357	193	82	111	true
L33	runtime/test/fleet/workflow/gates_predicate_property_test.exs	171	146	47	22	25	true
L33	runtime/test/fleet/workflow/gates_predicate_test.exs	150	141	18	9	9	true
L33	runtime/test/fleet/workflow/gates_test.exs	199	184	22	7	15	true
L33	runtime/test/fleet/workflow/git_test.exs	377	358	60	41	19	true
L33	runtime/test/fleet/workflow/graph_validator_property_test.exs	194	159	61	26	35	true
L33	runtime/test/fleet/workflow/graph_validator_test.exs	111	111	11	11	0	true
L33	runtime/test/fleet/workflow/loader_test.exs	367	353	31	17	14	true
L34	runtime/lib/fleet/workflow/ops_object.ex	200	162	79	41	38	true
L34	runtime/lib/fleet/workflow/ops_object_sync.ex	200	159	83	42	41	true
L34	runtime/lib/fleet/workflow/payload_guard.ex	226	148	116	38	78	true
L34	runtime/lib/fleet/workflow/pinning.ex	140	104	64	28	36	true
L34	runtime/lib/fleet/workflow/provenance.ex	209	170	81	42	39	true
L34	runtime/lib/fleet/workflow/provenance/verifier.ex	136	139	21	24	-3	true
L34	runtime/test/fleet/workflow/ops_object_sync_test.exs	468	414	92	38	54	true
L34	runtime/test/fleet/workflow/payload_guard_race_test.exs	101	87	24	10	14	true
L34	runtime/test/fleet/workflow/pinning_test.exs	205	187	31	13	18	true
L34	runtime/test/fleet/workflow/provenance_test.exs	130	125	17	12	5	true
L34	runtime/test/fleet/workflow/provenance_verifier_test.exs	143	143	13	13	0	true
L35	runtime/lib/fleet/workflow/step_outputs.ex	137	104	66	33	33	true
L35	runtime/test/fleet/workflow/step_outputs_test.exs	141	139	7	5	2	true
L36	runtime/lib/fleet/project.ex	78	44	45	11	34	true
L36	runtime/lib/fleet/project/architect.ex	256	164	142	50	92	true
L36	runtime/lib/fleet/project/declaration.ex	372	280	159	67	92	true
L36	runtime/lib/fleet/project/git_ops.ex	78	75	20	17	3	true
L36	runtime/lib/fleet/project/incidents.ex	73	59	32	18	14	true
L36	runtime/test/fleet/project/architect_test.exs	288	266	40	18	22	true
L36	runtime/test/fleet/project/declaration_test.exs	376	319	85	28	57	true
L36	runtime/test/fleet/project/incidents_test.exs	60	56	9	5	4	true
L36	runtime/test/fleet/project/probe_predicate_test.exs	468	373	141	46	95	true
L36	runtime/test/fleet/project/project_template_workflows_test.exs	180	143	57	20	37	true
L37	runtime/lib/fleet/project/roles.ex	479	360	223	104	119	true
L37	runtime/lib/fleet/project/worktree_sync.ex	246	218	69	41	28	true
L37	runtime/test/fleet/project/roles_structural_test.exs	236	196	66	26	40	true
L37	runtime/test/fleet/project/roles_test.exs	236	206	49	19	30	true
L37	runtime/test/fleet/project/template_material_test.exs	124	108	28	12	16	true
L37	runtime/test/fleet/project/worktree_sync_test.exs	297	264	61	28	33	true
L38	runtime/lib/fleet/project/onboard.ex	501	354	207	60	147	true
L38	runtime/lib/fleet/project/onboard/adopt.ex	181	179	22	20	2	true
L38	runtime/lib/fleet/project/onboard/card.ex	368	310	94	36	58	true
L38	runtime/lib/fleet/project/onboard/create.ex	308	252	99	44	55	true
L38	runtime/lib/fleet/project/onboard/faces.ex	333	267	93	27	66	true
L38	runtime/test/fleet/project/onboard/adopt_test.exs	223	205	27	9	18	true
L38	runtime/test/fleet/project/onboard/card_revision_test.exs	429	388	59	16	43	true
L38	runtime/test/fleet/project/onboard/close_open_test.exs	262	243	35	13	22	true
L38	runtime/test/fleet/project/onboard/compensation_test.exs	532	453	112	32	80	true
L38	runtime/test/fleet/project/onboard_test.exs	619	510	150	40	110	true
L39	runtime/lib/fleet/project/onboard/import.ex	499	414	144	59	85	true
L39	runtime/lib/fleet/project/onboard/lifecycle.ex	467	411	110	54	56	true
L39	runtime/lib/fleet/project/onboard/migration.ex	368	286	152	70	82	true
L39	runtime/lib/fleet/project/onboard/refute.ex	130	92	59	21	38	true
L39	runtime/lib/fleet/project/onboard/repo.ex	192	163	41	11	30	true
L39	runtime/lib/fleet/project/onboard/scaffold.ex	279	209	117	47	70	true
L39	runtime/test/fleet/project/onboard/import_external_test.exs	328	292	50	14	36	true
L39	runtime/test/fleet/project/onboard/list_projects_test.exs	154	140	21	7	14	true
L39	runtime/test/fleet/project/onboard/reconcile_test.exs	158	132	38	12	26	true
L39	runtime/test/fleet/project/onboard/scaffold_test.exs	351	273	103	23	80	true
L39	runtime/test/fleet/project/onboard/store_gate_test.exs	154	116	50	12	38	true
L40	runtime/test/fleet/project/onboard_migrate_test.exs	268	234	53	18	35	true
L40	runtime/test/fleet/project/onboard_preflight_test.exs	162	116	65	18	47	true
L41	runtime/lib/fleet/mcp.ex	72	45	36	9	27	true
L41	runtime/lib/fleet/mcp/idempotency.ex	115	115	11	11	0	false
L41	runtime/lib/fleet/mcp/pod_socket_acceptor.ex	620	478	203	60	143	true
L41	runtime/lib/fleet/mcp/pod_socket_supervisor.ex	161	164	30	33	-3	true
L41	runtime/test/fleet/mcp/accessor_seam_conformance_test.exs	154	121	45	13	32	true
L41	runtime/test/fleet/mcp/emergency_stop_test.exs	227	215	20	8	12	true
L41	runtime/test/fleet/mcp/idempotency_test.exs	132	124	14	5	9	true
L41	runtime/test/fleet/mcp/poc_exmcp_native_test.exs	91	81	20	10	10	true
L41	runtime/test/fleet/mcp/pod_socket_test.exs	862	724	201	61	140	true
L42	runtime/lib/fleet/mcp/pod_tools.ex	1780	1638	239	100	139	true
L42	runtime/lib/fleet/mcp/pod_tools/pod_resolver.ex	62	40	36	14	22	true
L42	runtime/test/fleet/mcp/pod_tools_test.exs	3158	2986	435	261	174	true
L43	runtime/lib/fleet/mcp/pod_tools/probe.ex	353	244	159	50	109	true
L43	runtime/lib/fleet/mcp/pod_tools/project_publish.ex	336	267	110	41	69	true
L43	runtime/lib/fleet/mcp/pod_tools/work_items.ex	112	78	53	19	34	true
L43	runtime/lib/fleet/mcp/server.ex	55	38	32	15	17	true
L43	runtime/test/fleet/mcp/probe_seam_contract_test.exs	61	44	28	11	17	true
L43	runtime/test/fleet/mcp/probe_test.exs	336	308	60	32	28	true
L43	runtime/test/fleet/mcp/project_publish_test.exs	135	112	36	13	23	true
L43	runtime/test/fleet/mcp/result_event_test.exs	114	105	27	18	9	true
L43	runtime/test/fleet/mcp/seam_conformance_test.exs	110	82	43	15	28	true
L43	runtime/test/fleet/mcp/seam_contract_test.exs	47	36	20	9	11	true
L43	runtime/test/fleet/mcp/server_test.exs	59	50	16	7	9	true
L44	runtime/lib/fleet/mcp/socket_warden.ex	196	169	54	27	27	true
L44	runtime/lib/fleet/mcp/supervisor.ex	201	171	57	27	30	true
L44	runtime/test/fleet/mcp/socket_warden_test.exs	228	197	53	22	31	true
L44	runtime/test/fleet/mcp/submit_result_schema_test.exs	28	24	7	3	4	true
L44	runtime/test/fleet/mcp/supervisor_test.exs	139	114	44	19	25	true
L44	runtime/test/fleet/mcp/tool_input_schema_test.exs	34	30	6	2	4	true
L45	runtime/lib/fleet/mcp/pod_tools/delegation.ex	87	31	85	29	56	true
L45	runtime/lib/fleet/mcp/pod_tools/delegation/dependencies.ex	138	114	43	19	24	true
L45	runtime/lib/fleet/mcp/pod_tools/delegation/dependency_forge.ex	59	42	37	20	17	true
L45	runtime/lib/fleet/mcp/pod_tools/delegation/deposits.ex	267	234	72	39	33	true
L45	runtime/lib/fleet/mcp/pod_tools/delegation/escalation_forge.ex	39	34	18	13	5	true
L45	runtime/lib/fleet/mcp/pod_tools/delegation/escalations.ex	92	83	19	10	9	true
L45	runtime/lib/fleet/mcp/pod_tools/delegation/forge_client.ex	173	127	107	61	46	true
L45	runtime/test/fleet/mcp/create_issue_lot_test.exs	210	194	35	19	16	true
L45	runtime/test/fleet/mcp/delete_project_disarmed_test.exs	127	118	15	6	9	true
L45	runtime/test/fleet/mcp/dependency_seam_conformance_test.exs	136	128	18	10	8	true
L45	runtime/test/fleet/mcp/dependency_tools_test.exs	143	135	13	5	8	true
L45	runtime/test/fleet/mcp/issue_status_reviews_test.exs	264	239	37	12	25	true
L46	runtime/lib/fleet/mcp/pod_tools/delegation/forge_writer.ex	108	72	61	25	36	true
L46	runtime/lib/fleet/mcp/pod_tools/delegation/gate.ex	146	121	45	20	25	true
L46	runtime/lib/fleet/mcp/pod_tools/delegation/issue_pr.ex	129	111	33	15	18	true
L46	runtime/lib/fleet/mcp/pod_tools/delegation/issues.ex	911	734	271	94	177	true
L46	runtime/lib/fleet/mcp/pod_tools/delegation/portfolio.ex	750	610	233	94	139	true
L46	runtime/lib/fleet/mcp/pod_tools/delegation/project_onboard.ex	208	156	128	76	52	true
L46	runtime/lib/fleet/mcp/pod_tools/delegation/render.ex	37	35	8	6	2	true
L47	runtime/lib/fleet/mcp/pod_tools/delegation/retirement.ex	385	280	156	52	104	true
L47	runtime/lib/fleet/mcp/pod_tools/delegation/scratchpad.ex	167	126	64	23	41	true
L47	runtime/lib/fleet/mcp/pod_tools/delegation/toolchain.ex	219	172	82	35	47	true
L47	runtime/lib/fleet/mcp/pod_tools/delegation/workshop.ex	26	16	15	5	10	true
L47	runtime/test/fleet/mcp/retire_issue_test.exs	305	269	52	16	36	true
L47	runtime/test/fleet/mcp/scratch_test.exs	150	136	29	15	14	true
L47	runtime/test/fleet/mcp/supersede_dependencies_test.exs	215	196	34	15	19	true
L47	runtime/test/fleet/mcp/toolchain_request_test.exs	341	324	47	30	17	true
L48	runtime/lib/fleet/pilot.ex	156	85	111	40	71	true
L48	runtime/lib/fleet/pilot/application.ex	520	316	276	71	205	true
L48	runtime/lib/fleet/pilot/arch_feed.ex	185	163	41	19	22	true
L48	runtime/lib/fleet/pilot/arch_wake.ex	255	204	82	31	51	true
L48	runtime/test/fleet/pilot/application_step_guards_test.exs	283	253	52	22	30	true
L48	runtime/test/fleet/pilot/application_step_status_test.exs	222	180	64	23	41	true
L48	runtime/test/fleet/pilot/application_test.exs	215	204	22	11	11	true
L48	runtime/test/fleet/pilot/arch_feed_test.exs	228	223	13	8	5	true
L48	runtime/test/fleet/pilot/arch_wake_test.exs	156	137	35	16	19	true
L48	runtime/test/fleet/pilot/awaits_arch_drain_test.exs	103	96	15	8	7	true
L48	runtime/test/fleet/pilot/card_jury_catalogue_scope_test.exs	168	133	58	23	35	true
L48	runtime/test/fleet/pilot/chain_integration_test.exs	540	517	76	53	23	true
L49	runtime/lib/fleet/pilot/incident_consumer.ex	381	278	144	41	103	true
L49	runtime/lib/fleet/pilot/incident_registry.ex	470	407	123	61	62	true
L49	runtime/lib/fleet/pilot/incident_registry/escalation.ex	422	331	141	50	91	true
L49	runtime/lib/fleet/pilot/incident_registry/store.ex	378	318	101	41	60	true
L49	runtime/lib/fleet/pilot/issue_id.ex	26	27	9	10	-1	true
L49	runtime/test/fleet/pilot/forge_finch_test.exs	16	11	9	4	5	true
L49	runtime/test/fleet/pilot/incident_consumer_test.exs	337	325	23	11	12	true
L49	runtime/test/fleet/pilot/incident_registry/escalation_test.exs	226	214	25	13	12	true
L49	runtime/test/fleet/pilot/incident_registry/store_test.exs	171	169	7	5	2	true
L49	runtime/test/fleet/pilot/incident_registry_test.exs	991	923	138	70	68	true
L49	runtime/test/fleet/pilot/issue_id_property_test.exs	103	80	32	11	21	true
L49	runtime/test/fleet/pilot/issue_id_test.exs	24	24	0	0	0	false
L50	runtime/lib/fleet/pilot/pod_feed.ex	76	55	42	21	21	true
L50	runtime/lib/fleet/pilot/wake_recovery.ex	110	108	25	23	2	true
L50	runtime/test/fleet/pilot/wake_recovery_test.exs	226	208	32	14	18	true
L51	runtime/lib/fleet/pilot/offload.ex	173	157	54	38	16	true
L51	runtime/lib/fleet/pilot/pod_reaper.ex	177	144	76	43	33	true
L51	runtime/test/fleet/pilot/offload_test.exs	279	268	33	22	11	true
L51	runtime/test/fleet/pilot/pod_reaper_test.exs	148	140	22	14	8	true
L52	runtime/lib/fleet/pilot/poller.ex	1187	893	455	162	293	true
L52	runtime/test/fleet/pilot/poller_test.exs	1748	1534	350	139	211	true
L53	runtime/lib/fleet/pilot/poller/admission.ex	254	180	136	62	74	true
L53	runtime/lib/fleet/pilot/poller/backoff.ex	36	38	11	13	-2	true
L53	runtime/lib/fleet/pilot/poller/lease.ex	427	272	226	71	155	true
L53	runtime/lib/fleet/pilot/poller/reconciliation.ex	641	411	336	106	230	true
L53	runtime/test/fleet/pilot/poller/admission_test.exs	253	230	40	17	23	true
L53	runtime/test/fleet/pilot/poller/admission_wait_test.exs	76	66	18	8	10	true
L53	runtime/test/fleet/pilot/poller/backoff_test.exs	93	74	32	13	19	true
L53	runtime/test/fleet/pilot/poller/lease_depends_test.exs	113	96	30	13	17	true
L53	runtime/test/fleet/pilot/poller/lease_serialization_test.exs	331	307	53	29	24	true
L53	runtime/test/fleet/pilot/poller/list_pods_count_test.exs	60	53	10	3	7	true
L54	runtime/lib/fleet/pilot/poller_telemetry.ex	365	273	155	63	92	true
L54	runtime/test/fleet/pilot/poller/reconciliation_facts_test.exs	730	661	119	50	69	true
L54	runtime/test/fleet/pilot/poller/reconciliation_unreachable_tq_test.exs	279	234	67	22	45	true
L54	runtime/test/fleet/pilot/poller_gitea_kick_test.exs	155	137	34	16	18	true
L54	runtime/test/fleet/pilot/poller_telemetry_test.exs	201	178	51	28	23	true
L55	runtime/test/support/pilot/biz_catalogue_fixture.ex	133	124	29	20	9	true
L55	runtime/test/support/pilot/cold_forge_stub.ex	19	16	9	6	3	true
L55	runtime/test/support/pilot/dispatcher_bench.ex	406	353	84	31	53	true
L55	runtime/test/support/pilot/forge_stubs.ex	137	103	59	25	34	true
L55	runtime/test/support/pilot/poller_bench.ex	507	419	135	46	89	true
L55	runtime/test/support/pilot/provenance_wall_harness.ex	104	101	12	9	3	true
L55	runtime/test/support/pilot/stub_task_queue.ex	22	16	14	8	6	true
L56	runtime/lib/fleet/pilot/brief_builder.ex	830	588	329	87	242	true
L56	runtime/test/fleet/pilot/brief_builder_gray_zone_digest_test.exs	31	26	6	1	5	true
L56	runtime/test/fleet/pilot/brief_builder_test.exs	783	696	134	43	91	true
L57	runtime/lib/fleet/pilot/step_dispatcher.ex	784	613	259	88	171	true
L57	runtime/lib/fleet/pilot/step_dispatcher/arch_escalation.ex	399	290	166	57	109	true
L57	runtime/lib/fleet/pilot/step_dispatcher/project_resolver.ex	185	132	78	25	53	true
L57	runtime/test/fleet/pilot/step_dispatcher/arch_escalation_test.exs	182	167	28	13	15	true
L57	runtime/test/fleet/pilot/step_dispatcher/project_resolver_test.exs	55	53	6	4	2	true
L57	runtime/test/fleet/pilot/step_dispatcher_test.exs	1452	1293	248	84	164	true
L58	runtime/lib/fleet/pilot/step_dispatcher/spawn.ex	909	638	406	136	270	true
L58	runtime/test/fleet/pilot/step_dispatcher/spawn_capacity_test.exs	605	540	102	37	65	true
L58	runtime/test/fleet/pilot/step_dispatcher/spawn_conflict_base_refresh_test.exs	109	108	9	8	1	true
L58	runtime/test/fleet/pilot/step_dispatcher/spawn_naming_test.exs	85	73	23	11	12	true
L58	runtime/test/fleet/pilot/step_dispatcher/spawn_repo_id_test.exs	66	54	22	10	12	true
L58	runtime/test/fleet/pilot/step_dispatcher_gate_order_test.exs	257	242	35	20	15	true
L58	runtime/test/fleet/pilot/step_dispatcher_spawn_as_role_test.exs	95	92	9	6	3	true
L59	runtime/lib/fleet/pilot/step_dispatcher/review_lifecycle.ex	580	384	259	65	194	true
L59	runtime/lib/fleet/pilot/step_dispatcher/review_lifecycle/ci_gate.ex	385	264	169	48	121	true
L59	runtime/lib/fleet/pilot/step_dispatcher/review_lifecycle/remediation.ex	506	405	167	66	101	true
L59	runtime/test/fleet/pilot/step_dispatcher/review_lifecycle/ci_gate_dispatch_test.exs	384	340	67	23	44	true
L59	runtime/test/fleet/pilot/step_dispatcher/review_lifecycle/ci_gate_test.exs	495	421	99	25	74	true
L59	runtime/test/fleet/pilot/step_dispatcher/review_lifecycle/merge_failure_dispatch_test.exs	415	335	111	31	80	true
L60	runtime/lib/fleet/pilot/step_dispatcher/review_lifecycle/remediation/conflict_ladder.ex	495	388	156	49	107	true
L60	runtime/lib/fleet/pilot/step_dispatcher/review_lifecycle/role_dispatch.ex	370	274	145	49	96	true
L60	runtime/lib/fleet/pilot/step_dispatcher/review_lifecycle/verdict_exception.ex	164	124	63	23	40	true
L60	runtime/test/fleet/pilot/step_dispatcher/review_lifecycle/remediation/conflict_ladder_test.exs	94	87	10	2	8	true
L60	runtime/test/fleet/pilot/step_dispatcher/review_lifecycle/remediation_ci_escalation_test.exs	65	63	4	2	2	true
L60	runtime/test/fleet/pilot/step_dispatcher/review_lifecycle/remediation_out_of_band_test.exs	91	88	7	4	3	true
L60	runtime/test/fleet/pilot/step_dispatcher/review_lifecycle/rework_budget_dispatch_test.exs	203	181	38	16	22	true
L60	runtime/test/fleet/pilot/step_dispatcher/review_lifecycle/role_dispatch_test.exs	100	85	20	4	16	true
L60	runtime/test/fleet/pilot/step_dispatcher/review_lifecycle/verdict_exception_test.exs	177	149	36	8	28	true
L61	runtime/lib/fleet/pilot/completion_outbox.ex	186	154	66	34	32	true
L61	runtime/lib/fleet/pilot/step_run_completer.ex	1036	893	254	111	143	true
L61	runtime/lib/fleet/pilot/step_run_completer/attestations.ex	225	172	73	20	53	true
L61	runtime/lib/fleet/pilot/step_run_completer/emissions.ex	100	101	19	20	-1	true
L61	runtime/lib/fleet/pilot/step_run_completer/texts.ex	50	50	15	15	0	false
L61	runtime/test/fleet/pilot/completion_outbox_replay_test.exs	151	126	39	14	25	true
L61	runtime/test/fleet/pilot/completion_outbox_test.exs	98	84	21	7	14	true
L61	runtime/test/fleet/pilot/step_run_completer/texts_test.exs	30	28	3	1	2	true
L61	runtime/test/fleet/pilot/step_run_completer_as_role_test.exs	259	227	44	11	33	true
L61	runtime/test/fleet/pilot/step_run_completer_spacing_test.exs	358	342	27	11	16	true
L61	runtime/test/fleet/pilot/step_run_completer_test.exs	1588	1471	194	67	127	true
L62	runtime/lib/fleet/pilot/step_run_consumer.ex	1007	834	243	70	173	true
L62	runtime/lib/fleet/pilot/step_run_consumer/gate_engine.ex	388	369	63	44	19	true
L62	runtime/lib/fleet/pilot/step_run_consumer/gatekeeper_escalation.ex	159	136	45	22	23	true
L62	runtime/lib/fleet/pilot/step_run_consumer/step_run_build.ex	249	234	44	29	15	true
L62	runtime/lib/fleet/pilot/step_run_consumer/terminal_escalation.ex	276	232	88	44	44	true
L62	runtime/lib/fleet/pilot/step_run_consumer/verdict.ex	427	299	171	44	127	true
L62	runtime/test/fleet/pilot/step_run_consumer/gate_engine_system_outputs_test.exs	97	88	15	6	9	true
L62	runtime/test/fleet/pilot/step_run_consumer/gate_engine_test.exs	100	97	7	4	3	true
L62	runtime/test/fleet/pilot/step_run_consumer/inflight_completions_test.exs	34	34	2	2	0	true
L62	runtime/test/fleet/pilot/step_run_consumer/step_run_build_test.exs	199	187	20	6	14	true
L62	runtime/test/fleet/pilot/step_run_consumer/terminal_escalation_test.exs	179	163	29	13	16	true
L62	runtime/test/fleet/pilot/step_run_consumer_test.exs	651	596	87	26	61	true
L63	runtime/lib/fleet/pilot/step_run_consumer/verdict_correction.ex	220	180	72	32	40	true
L63	runtime/lib/fleet/pilot/workflow_map_nav.ex	118	110	37	29	8	true
L63	runtime/test/fleet/pilot/step_run_consumer/verdict_correction_flag_test.exs	44	25	30	11	19	true
L63	runtime/test/fleet/pilot/step_run_consumer/verdict_correction_test.exs	220	199	27	10	17	true
L63	runtime/test/fleet/pilot/step_run_consumer/verdict_findings_test.exs	161	136	36	9	27	true
L63	runtime/test/fleet/pilot/step_run_consumer_default_seam_test.exs	32	25	9	2	7	true
L63	runtime/test/fleet/pilot/step_run_consumer_gate_test.exs	1448	1293	232	74	158	true
L63	runtime/test/fleet/pilot/step_run_consumer_producers_test.exs	175	159	25	9	16	true
L63	runtime/test/fleet/pilot/workflow_map_nav_test.exs	149	142	10	3	7	true
L64	runtime/lib/fleet/pilot/conflict_apply.ex	160	137	42	19	23	true
L64	runtime/lib/fleet/pilot/conflict_probe.ex	238	198	70	32	38	true
L64	runtime/lib/fleet/pilot/conflict_report.ex	133	98	47	12	35	true
L64	runtime/lib/fleet/pilot/merge_and_promote.ex	990	655	417	81	336	true
L64	runtime/test/fleet/pilot/conflict_apply_test.exs	142	128	22	8	14	true
L64	runtime/test/fleet/pilot/conflict_probe_test.exs	333	288	57	12	45	true
L64	runtime/test/fleet/pilot/conflict_report_test.exs	128	121	13	5	8	true
L64	runtime/test/fleet/pilot/merge_and_promote_comment_test.exs	141	123	28	7	21	true
L64	runtime/test/fleet/pilot/merge_and_promote_test.exs	822	652	199	28	171	true
L65	runtime/lib/fleet/pilot/merge_outcome.ex	26	28	8	10	-2	true
L65	runtime/test/fleet/pilot/merge_and_promote_reap_test.exs	130	119	20	8	12	true
L65	runtime/test/fleet/pilot/merge_and_promote_worktree_test.exs	171	123	60	12	48	true
L65	runtime/test/fleet/pilot/merge_outcome_test.exs	47	41	9	3	6	true
L66	runtime/lib/fleet/api.ex	44	36	13	5	8	true
L66	runtime/lib/fleet/api/application.ex	79	56	35	12	23	true
L66	runtime/lib/fleet/api/build_info.ex	178	166	33	20	13	true
L66	runtime/lib/fleet/api/control_router.ex	248	205	67	25	42	true
L66	runtime/lib/fleet/api/readiness.ex	160	154	20	14	6	true
L66	runtime/lib/fleet/api/spawn_admission.ex	235	178	88	31	57	true
L66	runtime/lib/fleet/observation.ex	34	31	8	5	3	true
L66	runtime/lib/fleet/observation/application.ex	83	65	34	16	18	true
L66	runtime/test/fleet/api/bind_address_test.exs	108	79	38	9	29	true
L66	runtime/test/fleet/api/build_info_test.exs	65	55	16	6	10	true
L66	runtime/test/fleet/api/control_router_test.exs	648	557	122	30	92	true
L66	runtime/test/fleet/api/readiness_test.exs	243	217	31	5	26	true
L67	runtime/lib/fleet/observation/deck.ex	304	224	106	24	82	true
L67	runtime/lib/fleet/observation/deck/view.ex	244	235	27	18	9	true
L67	runtime/lib/fleet/observation/read_model.ex	227	192	57	24	33	true
L67	runtime/test/fleet/observation/bind_address_test.exs	90	65	30	5	25	true
L67	runtime/test/fleet/observation/deck_stylesheet_test.exs	74	58	28	12	16	true
L67	runtime/test/fleet/observation/deck_test.exs	325	267	78	19	59	true
L67	runtime/test/fleet/observation/read_model_test.exs	132	116	27	8	19	true
L68	runtime/lib/fleet/admiral.ex	63	44	30	11	19	true
L68	runtime/lib/fleet/admiral/application.ex	93	65	39	11	28	true
L68	runtime/lib/fleet/admiral/audit_consumer.ex	162	131	43	12	31	true
L68	runtime/lib/fleet/admiral/boot_orchestrator.ex	118	117	14	13	1	true
L68	runtime/lib/fleet/admiral/mcp_monitor.ex	150	123	41	14	27	true
L68	runtime/lib/fleet/admiral/shutdown.ex	350	249	152	52	100	true
L68	runtime/test/fleet/admiral/application_boot_knob_test.exs	40	34	11	5	6	true
L68	runtime/test/fleet/admiral/audit_consumer_resubscribe_test.exs	155	126	37	8	29	true
L68	runtime/test/fleet/admiral/audit_consumer_test.exs	52	48	8	4	4	true
L68	runtime/test/fleet/admiral/boot_orchestrator_test.exs	118	115	8	5	3	true
L68	runtime/test/fleet/admiral/mcp_monitor_test.exs	211	193	25	6	19	true
L68	runtime/test/fleet/admiral/shutdown_test.exs	100	86	22	8	14	true
L69	runtime/lib/fleet/admiral/toolchain_reconciler.ex	492	388	148	47	101	true
L69	runtime/lib/fleet/application.ex	196	117	109	30	79	true
L69	runtime/lib/fleet/application/catalogue_deposits.ex	329	218	152	41	111	true
L69	runtime/lib/fleet/application/catalogue_lifecycle.ex	313	197	156	40	116	true
L69	runtime/test/fleet/admiral/shutdown_aggregate_test.exs	146	119	36	9	27	true
L69	runtime/test/fleet/admiral/toolchain_reconciler_test.exs	474	410	83	19	64	true
L69	runtime/test/fleet/application/catalogue_deposits_test.exs	377	323	64	10	54	true
L69	runtime/test/fleet/application/catalogue_lifecycle_test.exs	404	334	86	16	70	true
L70	runtime/lib/fleet/application/catalogue_verify.ex	230	178	85	33	52	true
L70	runtime/test/fleet/application/catalogue_verify_test.exs	280	232	67	17	50	true
L70	runtime/test/fleet/application_prep_stop_test.exs	23	20	9	6	3	true
L71	runtime/lib/mix/tasks/lcars.catalogue.roles.ex	79	60	32	13	19	true
L71	runtime/lib/mix/tasks/lcars.catalogue.verify.ex	71	66	18	13	5	true
L71	runtime/lib/mix/tasks/lcars.provenance.verify.ex	71	71	10	10	0	true
L71	runtime/lib/mix/tasks/lcars.slug_witness.ex	114	85	46	17	29	true
L71	runtime/lib/mix/tasks/lcars.sp.gen.ex	110	90	37	17	20	true
L71	runtime/lib/mix/tasks/lcars.test.view.ex	291	263	53	30	23	true
L71	runtime/lib/mix/tasks/lcars.topology.ex	373	305	94	28	66	true
L71	runtime/lib/mix/tasks/lcars/contracts/check/catalogue.ex	745	571	213	39	174	true
L71	runtime/lib/mix/tasks/lcars/contracts/check/types.ex	331	236	117	21	96	true
L71	runtime/test/mix/catalogue_enumerations_check_test.exs	127	109	26	8	18	true
L71	runtime/test/mix/catalogue_family_check_test.exs	277	249	38	10	28	true
L71	runtime/test/mix/catalogue_roles_test.exs	213	149	81	17	64	true
L72	runtime/test/mix/slug_witness_test.exs	96	84	25	12	13	true
L72	runtime/test/mix/test_view_test.exs	138	134	14	10	4	true
L73	runtime/lib/mix/tasks/lcars/contracts/check/artifact.ex	762	552	256	46	210	true
L73	runtime/lib/mix/tasks/lcars/contracts/check/boot.ex	180	139	56	14	42	true
L73	runtime/lib/mix/tasks/lcars/contracts/check/events.ex	614	469	173	29	144	true
L74	runtime/lib/mix/tasks/lcars/contracts/check/runtime.ex	1356	1008	443	96	347	true
L74	runtime/test/mix/bare_alias_check_test.exs	108	97	17	6	11	true
L74	runtime/test/mix/boot_artifact_check_test.exs	403	354	60	11	49	true
L74	runtime/test/mix/eval_doors_stdout_check_test.exs	255	199	69	13	56	true
L74	runtime/test/mix/events_family_check_test.exs	392	342	60	10	50	true
L74	runtime/test/mix/runtime_family_check_test.exs	404	360	55	11	44	true
L75	runtime/lib/mix/tasks/lcars/contracts/check/single_source.ex	1365	1055	427	117	310	true
L75	runtime/test/mix/cap_profile_project_keys_check_test.exs	134	119	25	10	15	true
L75	runtime/test/mix/forge_fields_check_test.exs	132	118	23	9	14	true
L75	runtime/test/mix/layout_single_source_check_test.exs	347	275	88	16	72	true
L75	runtime/test/mix/proven_image_regime_check_test.exs	114	99	23	8	15	true
L75	runtime/test/mix/seam_surface_check_test.exs	171	158	23	10	13	true
L75	runtime/test/mix/single_source_family_check_test.exs	325	283	56	14	42	true
L76	runtime/lib/mix/tasks/lcars/contracts/check/tools.ex	1512	1145	463	96	367	true
L76	runtime/test/mix/capabilities_exercisable_check_test.exs	143	130	23	10	13	true
L76	runtime/test/mix/tool_descriptions_check_test.exs	136	103	44	11	33	true
L76	runtime/test/mix/tool_effects_check_test.exs	134	121	21	8	13	true
L76	runtime/test/mix/tools_gated_check_test.exs	264	249	24	9	15	true
L77	runtime/lib/mix/tasks/lcars.contracts.check.ex	223	173	69	21	48	true
L77	runtime/lib/mix/tasks/lcars/contracts/check/support.ex	509	351	196	43	153	true
L77	runtime/lib/mix/tasks/lcars/contracts/check/tests.ex	677	495	224	42	182	true
L77	runtime/test/mix/derniers_murs_check_test.exs	892	797	119	24	95	true
L77	runtime/test/mix/lcars_contracts_check_test.exs	799	678	152	29	123	true
L77	runtime/test/mix/no_check_passes_on_nothing_test.exs	209	127	99	17	82	true
L78	runtime/test/mix/test_corpora_check_test.exs	174	144	42	12	30	true
L78	runtime/test/mix/tests_corpus_walls_check_test.exs	281	220	72	12	60	true
L79	runtime/test/fleet/os_probe_test.exs	163	135	36	9	27	true
L79	runtime/test/support/authority_double.ex	174	140	60	26	34	true
L79	runtime/test/support/barrier.ex	74	22	65	13	52	true
L79	runtime/test/support/cap_profile_fixture.ex	50	40	21	11	10	true
L79	runtime/test/support/catalogue_isolation.ex	48	35	23	10	13	true
L79	runtime/test/support/os_probe.ex	108	63	65	20	45	true
L79	runtime/test/support/probe_seam.ex	10	9	5	4	1	true
L79	runtime/test/support/test_env.ex	147	86	91	30	61	true
L79	runtime/test/support/time_formatter.ex	57	48	21	11	10	true
L79	runtime/test/test_helper.exs	77	37	49	9	40	true
L80	runtime/.credo.exs	221	131	86	2	84	true
L80	runtime/.dialyzer_ignore.exs	10	5	7	2	5	true
L80	runtime/.formatter.exs	4	3	1	0	1	true
L80	runtime/config/config.exs	60	19	47	7	40	true
L80	runtime/config/runtime.exs	974	490	599	118	481	true
L80	runtime/config/test.exs	149	80	96	27	69	true
L80	runtime/test/fleet/config_knobs_test.exs	150	120	43	13	30	true
L81	runtime/mix.exs	310	184	153	28	125	true
L81	runtime/test/fleet/runtime_exs_guard_b_test.exs	92	79	22	9	13	true
L81	runtime/test/fleet/seam_key_naming_test.exs	166	118	65	17	48	true
L81	runtime/test/mix/gate_composition_test.exs	136	109	39	12	27	true
