path	base_lines	base_comment_lines	base_inline_comments	base_doc_lines	base_blank_lines	base_doc_blocks	base_module_blocks	base_type_blocks	base_switches	base_prose_lines	base_doctest_prompts	current_lines	current_comment_lines	current_inline_comments	current_doc_lines	current_blank_lines	current_doc_blocks	current_module_blocks	current_type_blocks	current_switches	current_prose_lines	current_doctest_prompts
runtime/.credo.exs	221	86	0	0	7	0	0	0	0	86	0	221	86	0	0	7	0	0	0	0	86	0
runtime/.dialyzer_ignore.exs	10	7	0	0	0	0	0	0	0	7	0	10	7	0	0	0	0	0	0	0	7	0
runtime/.formatter.exs	4	1	0	0	0	0	0	0	0	1	0	4	1	0	0	0	0	0	0	0	1	0
runtime/config/config.exs	60	47	0	0	6	0	0	0	0	47	0	60	47	0	0	6	0	0	0	0	47	0
runtime/config/runtime.exs	974	599	0	0	86	0	0	0	0	599	0	974	599	0	0	86	0	0	0	0	599	0
runtime/config/test.exs	149	96	0	0	21	0	0	0	0	96	0	149	96	0	0	21	0	0	0	0	96	0
runtime/lib/fleet/admiral.ex	63	1	0	29	2	1	1	0	0	30	0	63	1	0	29	2	1	1	0	0	30	0
runtime/lib/fleet/admiral/application.ex	93	7	0	32	7	0	1	0	1	39	0	93	7	0	32	7	0	1	0	1	39	0
runtime/lib/fleet/admiral/audit_consumer.ex	162	9	0	34	23	0	1	0	0	43	0	162	9	0	34	23	0	1	0	0	43	0
runtime/lib/fleet/admiral/boot_orchestrator.ex	118	0	0	14	21	1	1	0	0	14	0	118	0	0	14	21	1	1	0	0	14	0
runtime/lib/fleet/admiral/mcp_monitor.ex	150	0	0	41	21	0	1	0	0	41	0	150	0	0	41	21	0	1	0	0	41	0
runtime/lib/fleet/admiral/shutdown.ex	350	51	0	101	45	5	4	0	0	152	0	350	51	0	101	45	5	4	0	0	152	0
runtime/lib/fleet/admiral/toolchain_reconciler.ex	492	89	0	59	70	2	1	0	1	148	0	492	89	0	59	70	2	1	0	1	148	0
runtime/lib/fleet/api.ex	44	0	0	13	1	0	1	0	0	13	0	44	0	0	13	1	0	1	0	0	13	0
runtime/lib/fleet/api/application.ex	79	0	0	35	10	2	1	0	0	35	0	79	0	0	35	10	2	1	0	0	35	0
runtime/lib/fleet/api/build_info.ex	178	14	0	19	23	3	1	0	1	33	0	178	14	0	19	23	3	1	0	1	33	0
runtime/lib/fleet/api/control_router.ex	248	26	0	41	32	2	1	0	0	67	0	248	26	0	41	32	2	1	0	0	67	0
runtime/lib/fleet/api/readiness.ex	160	6	0	14	23	2	1	0	0	20	0	160	6	0	14	23	2	1	0	0	20	0
runtime/lib/fleet/api/spawn_admission.ex	235	22	0	66	28	2	1	1	0	88	0	235	22	0	66	28	2	1	1	0	88	0
runtime/lib/fleet/application.ex	196	68	0	41	16	0	1	0	0	109	0	196	68	0	41	16	0	1	0	0	109	0
runtime/lib/fleet/application/catalogue_deposits.ex	329	70	0	82	38	3	1	1	0	152	0	329	70	0	82	38	3	1	1	0	152	0
runtime/lib/fleet/application/catalogue_lifecycle.ex	313	49	0	107	36	4	1	0	0	156	0	313	49	0	107	36	4	1	0	0	156	0
runtime/lib/fleet/application/catalogue_verify.ex	230	57	0	28	27	2	1	2	0	85	0	230	57	0	28	27	2	1	2	0	85	0
runtime/lib/fleet/cap_profile.ex	1065	97	0	379	118	49	1	0	0	476	0	1065	97	0	379	118	49	1	0	0	476	0
runtime/lib/fleet/cap_profile/canonical_json.ex	51	0	0	13	8	2	1	0	0	13	0	51	0	0	13	8	2	1	0	0	13	0
runtime/lib/fleet/cap_profile/catalog.ex	554	92	0	145	58	17	1	0	0	237	0	554	92	0	145	58	17	1	0	0	237	0
runtime/lib/fleet/cap_profile/disallowed_tools.ex	81	0	0	20	11	3	1	0	0	20	0	81	0	0	20	11	3	1	0	0	20	0
runtime/lib/fleet/cap_profile/image.ex	239	55	0	39	31	4	1	0	0	94	0	239	55	0	39	31	4	1	0	0	94	0
runtime/lib/fleet/cap_profile/invariants.ex	265	53	0	59	29	3	1	0	0	112	0	265	53	0	59	29	3	1	0	0	112	0
runtime/lib/fleet/cap_profile/loader.ex	16	0	0	5	3	0	1	0	0	5	0	16	0	0	5	3	0	1	0	0	5	0
runtime/lib/fleet/cap_profile/schema.ex	232	54	0	43	27	2	1	0	0	97	0	232	54	0	43	27	2	1	0	0	97	0
runtime/lib/fleet/catalogue.ex	858	99	0	387	73	37	1	0	0	486	0	858	99	0	387	73	37	1	0	0	486	0
runtime/lib/fleet/conflict.ex	133	39	0	38	13	1	1	0	0	77	0	133	39	0	38	13	1	1	0	0	77	0
runtime/lib/fleet/conflict/assemble.ex	99	6	0	11	15	1	1	0	0	17	0	99	6	0	11	15	1	1	0	0	17	0
runtime/lib/fleet/conflict/classifier.ex	164	7	0	10	18	2	1	0	0	17	0	164	7	0	10	18	2	1	0	0	17	0
runtime/lib/fleet/conflict/diff.ex	271	22	0	32	43	7	1	0	0	54	0	271	22	0	32	43	7	1	0	0	54	0
runtime/lib/fleet/conflict/parser.ex	126	2	0	25	16	2	1	0	0	27	0	126	2	0	25	16	2	1	0	0	27	0
runtime/lib/fleet/conflict/pattern.ex	31	0	0	11	2	0	1	0	0	11	0	31	0	0	11	2	0	1	0	0	11	0
runtime/lib/fleet/conflict/patterns/complex.ex	26	0	0	5	1	0	1	0	0	5	0	26	0	0	5	1	0	1	0	0	5	0
runtime/lib/fleet/conflict/patterns/delete_no_change.ex	56	0	0	7	9	0	1	0	0	7	0	56	0	0	7	9	0	1	0	0	7	0
runtime/lib/fleet/conflict/patterns/insertion_at_boundary.ex	100	6	0	5	16	0	1	0	0	11	0	100	6	0	5	16	0	1	0	0	11	0
runtime/lib/fleet/conflict/patterns/non_overlapping.ex	61	6	0	12	7	1	1	0	0	18	0	61	6	0	12	7	1	1	0	0	18	0
runtime/lib/fleet/conflict/patterns/one_side_change.ex	41	0	0	3	6	0	1	0	0	3	0	41	0	0	3	6	0	1	0	0	3	0
runtime/lib/fleet/conflict/patterns/reorder_only.ex	53	0	0	4	9	0	1	0	0	4	0	53	0	0	4	9	0	1	0	0	4	0
runtime/lib/fleet/conflict/patterns/same_change.ex	31	0	0	3	4	0	1	0	0	3	0	31	0	0	3	4	0	1	0	0	3	0
runtime/lib/fleet/conflict/patterns/utils.ex	382	15	0	24	61	8	1	0	0	39	0	382	15	0	24	61	8	1	0	0	39	0
runtime/lib/fleet/conflict/patterns/value_only_change.ex	59	0	0	6	7	0	1	0	0	6	0	59	0	0	6	7	0	1	0	0	6	0
runtime/lib/fleet/conflict/patterns/whitespace_only.ex	52	0	0	5	6	0	1	0	0	5	0	52	0	0	5	6	0	1	0	0	5	0
runtime/lib/fleet/conflict/score.ex	76	0	0	27	6	3	1	0	0	27	0	76	0	0	27	6	3	1	0	0	27	0
runtime/lib/fleet/conflict/types.ex	109	8	0	24	5	0	4	0	0	32	0	109	8	0	24	5	0	4	0	0	32	0
runtime/lib/fleet/credentials.ex	19	0	0	4	1	0	1	0	0	4	0	19	0	0	4	1	0	1	0	0	4	0
runtime/lib/fleet/credentials/authority.ex	130	8	0	38	16	2	1	1	0	46	0	130	8	0	38	16	2	1	1	0	46	0
runtime/lib/fleet/credentials/forge_auth.ex	182	23	0	71	16	6	1	0	0	94	0	182	23	0	71	16	6	1	0	0	94	0
runtime/lib/fleet/credentials/forge_identity.ex	265	22	0	101	26	7	1	0	0	123	0	265	22	0	101	26	7	1	0	0	123	0
runtime/lib/fleet/credentials/gate.ex	80	5	0	26	9	2	1	0	0	31	0	80	5	0	26	9	2	1	0	0	31	0
runtime/lib/fleet/credentials/human.ex	60	2	0	12	7	4	1	0	0	14	0	60	2	0	12	7	4	1	0	0	14	0
runtime/lib/fleet/credentials/role_identity.ex	100	0	0	61	9	6	1	0	0	61	0	100	0	0	61	9	6	1	0	0	61	0
runtime/lib/fleet/credentials/role_token.ex	152	20	0	48	17	3	1	0	0	68	0	152	20	0	48	17	3	1	0	0	68	0
runtime/lib/fleet/credentials/shell.ex	468	112	0	126	41	3	1	0	0	238	0	468	112	0	126	41	3	1	0	0	238	0
runtime/lib/fleet/durable_log.ex	127	12	0	44	12	2	1	0	0	56	0	127	12	0	44	12	2	1	0	0	56	0
runtime/lib/fleet/env_parse.ex	127	0	0	40	20	7	1	0	0	40	0	127	0	0	40	20	7	1	0	0	40	0
runtime/lib/fleet/event.ex	123	3	0	23	20	3	2	0	1	26	0	123	3	0	23	20	3	2	0	1	26	0
runtime/lib/fleet/event_router.ex	29	0	0	7	1	0	1	0	0	7	0	29	0	0	7	1	0	1	0	0	7	0
runtime/lib/fleet/event_router/application.ex	142	24	0	6	16	2	0	0	2	30	0	142	24	0	6	16	2	0	0	2	30	0
runtime/lib/fleet/event_router/bind_address.ex	62	0	0	10	10	1	1	0	0	10	0	62	0	0	10	10	1	1	0	0	10	0
runtime/lib/fleet/event_router/bus.ex	254	37	0	51	35	14	1	0	0	88	0	254	37	0	51	35	14	1	0	0	88	0
runtime/lib/fleet/event_router/catalog.ex	196	19	0	29	30	3	1	0	0	48	0	196	19	0	29	30	3	1	0	0	48	0
runtime/lib/fleet/event_router/listener.ex	59	3	0	24	8	1	1	0	0	27	0	59	3	0	24	8	1	1	0	0	27	0
runtime/lib/fleet/event_router/signals_os.ex	23	0	0	6	3	0	1	0	0	6	0	23	0	0	6	3	0	1	0	0	6	0
runtime/lib/fleet/event_router/unix_listener.ex	122	8	0	45	15	1	1	0	0	53	0	122	8	0	45	15	1	1	0	0	53	0
runtime/lib/fleet/event_router/webhooks_gitea.ex	298	56	0	49	45	2	1	0	1	105	0	298	56	0	49	45	2	1	0	1	105	0
runtime/lib/fleet/findings_wire.ex	201	28	0	84	18	6	1	0	0	112	0	201	28	0	84	18	6	1	0	0	112	0
runtime/lib/fleet/forge.ex	158	26	0	70	8	4	1	0	0	96	0	158	26	0	70	8	4	1	0	0	96	0
runtime/lib/fleet/forge/client.ex	1306	77	0	402	112	55	1	0	1	479	0	1306	77	0	402	112	55	1	0	1	479	0
runtime/lib/fleet/forge/client/actions.ex	310	23	0	141	25	6	1	1	0	164	0	310	23	0	141	25	6	1	1	0	164	0
runtime/lib/fleet/forge/client/ci.ex	148	46	0	28	11	0	1	1	5	74	0	148	46	0	28	11	0	1	1	5	74	0
runtime/lib/fleet/forge/client/files.ex	119	3	0	24	18	3	1	0	0	27	0	119	3	0	24	18	3	1	0	0	27	0
runtime/lib/fleet/forge/client/jury.ex	487	99	0	105	49	6	1	0	0	204	0	487	99	0	105	49	6	1	0	0	204	0
runtime/lib/fleet/forge/client/labels.ex	288	67	0	17	34	0	1	0	12	84	0	288	67	0	17	34	0	1	0	12	84	0
runtime/lib/fleet/forge/client/merge.ex	189	49	0	14	19	0	1	0	3	63	0	189	49	0	14	19	0	1	0	3	63	0
runtime/lib/fleet/forge/client/repo.ex	515	20	0	164	43	19	1	0	0	184	0	515	20	0	164	43	19	1	0	0	184	0
runtime/lib/fleet/forge/client/signing.ex	112	19	0	16	16	0	1	0	2	35	0	112	19	0	16	16	0	1	0	2	35	0
runtime/lib/fleet/forge/client/transport.ex	451	114	0	55	54	1	1	2	10	169	0	451	114	0	55	54	1	1	2	10	169	0
runtime/lib/fleet/forge/client/url_safe.ex	38	1	0	14	5	3	1	0	0	15	0	38	1	0	14	5	3	1	0	0	15	0
runtime/lib/fleet/forge/payload.ex	188	10	0	40	25	1	1	1	21	50	0	188	10	0	40	25	1	1	1	21	50	0
runtime/lib/fleet/forge/protocol.ex	540	80	0	232	58	23	1	0	3	312	27	540	80	0	232	58	23	1	0	3	312	27
runtime/lib/fleet/forge/write_spacing.ex	27	0	0	15	2	1	1	0	0	15	0	27	0	0	15	2	1	1	0	0	15	0
runtime/lib/fleet/git_ref.ex	39	0	0	13	5	1	1	0	0	13	0	39	0	0	13	5	1	1	0	0	13	0
runtime/lib/fleet/grace.ex	46	0	0	36	2	1	1	0	0	36	0	46	0	0	36	2	1	1	0	0	36	0
runtime/lib/fleet/labels.ex	321	81	0	129	32	14	1	0	0	210	0	321	81	0	129	32	14	1	0	0	210	0
runtime/lib/fleet/layout.ex	578	105	0	247	54	33	1	0	0	352	0	578	105	0	247	54	33	1	0	0	352	0
runtime/lib/fleet/mcp.ex	72	32	0	4	1	0	1	0	0	36	0	72	32	0	4	1	0	1	0	0	36	0
runtime/lib/fleet/mcp/idempotency.ex	115	1	0	10	21	1	1	0	1	11	0	115	1	0	10	21	1	1	0	1	11	0
runtime/lib/fleet/mcp/pod_socket_acceptor.ex	620	168	0	35	85	0	1	0	0	203	0	620	168	0	35	85	0	1	0	0	203	0
runtime/lib/fleet/mcp/pod_socket_supervisor.ex	161	3	0	27	26	6	1	0	0	30	0	161	3	0	27	26	6	1	0	0	30	0
runtime/lib/fleet/mcp/pod_tools.ex	1780	167	0	72	174	2	1	0	0	239	0	1780	167	0	72	174	2	1	0	0	239	0
runtime/lib/fleet/mcp/pod_tools/delegation.ex	87	0	0	85	0	0	1	0	0	85	0	87	0	0	85	0	0	1	0	0	85	0
runtime/lib/fleet/mcp/pod_tools/delegation/dependencies.ex	138	18	0	25	19	2	1	0	1	43	0	138	18	0	25	19	2	1	0	1	43	0
runtime/lib/fleet/mcp/pod_tools/delegation/dependency_forge.ex	59	0	0	37	4	4	1	0	0	37	0	59	0	0	37	4	4	1	0	0	37	0
runtime/lib/fleet/mcp/pod_tools/delegation/deposits.ex	267	16	0	56	25	5	1	0	0	72	0	267	16	0	56	25	5	1	0	0	72	0
runtime/lib/fleet/mcp/pod_tools/delegation/escalation_forge.ex	39	0	0	18	5	5	1	0	0	18	0	39	0	0	18	5	5	1	0	0	18	0
runtime/lib/fleet/mcp/pod_tools/delegation/escalations.ex	92	8	0	11	16	1	1	0	0	19	0	92	8	0	11	16	1	1	0	0	19	0
runtime/lib/fleet/mcp/pod_tools/delegation/forge_client.ex	173	0	0	107	16	14	1	0	0	107	0	173	0	0	107	16	14	1	0	0	107	0
runtime/lib/fleet/mcp/pod_tools/delegation/forge_writer.ex	108	6	0	55	7	4	1	0	0	61	0	108	6	0	55	7	4	1	0	0	61	0
runtime/lib/fleet/mcp/pod_tools/delegation/gate.ex	146	24	0	21	21	0	1	0	9	45	0	146	24	0	21	21	0	1	0	9	45	0
runtime/lib/fleet/mcp/pod_tools/delegation/issue_pr.ex	129	24	0	9	19	0	1	0	3	33	0	129	24	0	9	19	0	1	0	3	33	0
runtime/lib/fleet/mcp/pod_tools/delegation/issues.ex	911	206	0	65	118	5	2	0	0	271	0	911	206	0	65	118	5	2	0	0	271	0
runtime/lib/fleet/mcp/pod_tools/delegation/portfolio.ex	750	91	0	142	72	12	1	0	0	233	0	750	91	0	142	72	12	1	0	0	233	0
runtime/lib/fleet/mcp/pod_tools/delegation/project_onboard.ex	208	1	0	127	15	14	1	0	0	128	0	208	1	0	127	15	14	1	0	0	128	0
runtime/lib/fleet/mcp/pod_tools/delegation/render.ex	37	1	0	7	3	0	1	0	2	8	0	37	1	0	7	3	0	1	0	2	8	0
runtime/lib/fleet/mcp/pod_tools/delegation/retirement.ex	385	71	0	85	43	2	1	0	1	156	0	385	71	0	85	43	2	1	0	1	156	0
runtime/lib/fleet/mcp/pod_tools/delegation/scratchpad.ex	167	30	0	34	16	1	1	0	0	64	0	167	30	0	34	16	1	1	0	0	64	0
runtime/lib/fleet/mcp/pod_tools/delegation/toolchain.ex	219	50	0	32	22	1	1	0	0	82	0	219	50	0	32	22	1	1	0	0	82	0
runtime/lib/fleet/mcp/pod_tools/delegation/workshop.ex	26	6	0	9	2	0	1	0	2	15	0	26	6	0	9	2	0	1	0	2	15	0
runtime/lib/fleet/mcp/pod_tools/pod_resolver.ex	62	2	0	34	5	1	1	1	2	36	0	62	2	0	34	5	1	1	1	2	36	0
runtime/lib/fleet/mcp/pod_tools/probe.ex	353	100	0	59	33	4	1	0	0	159	0	353	100	0	59	33	4	1	0	0	159	0
runtime/lib/fleet/mcp/pod_tools/project_publish.ex	336	77	0	33	35	2	1	0	1	110	0	336	77	0	33	35	2	1	0	1	110	0
runtime/lib/fleet/mcp/pod_tools/work_items.ex	112	22	0	31	11	2	1	0	0	53	0	112	22	0	31	11	2	1	0	0	53	0
runtime/lib/fleet/mcp/server.ex	55	0	0	32	5	1	1	0	0	32	0	55	0	0	32	5	1	1	0	0	32	0
runtime/lib/fleet/mcp/socket_warden.ex	196	20	0	34	25	1	1	0	0	54	0	196	20	0	34	25	1	1	0	0	54	0
runtime/lib/fleet/mcp/supervisor.ex	201	36	0	21	23	2	1	0	0	57	0	201	36	0	21	23	2	1	0	0	57	0
runtime/lib/fleet/observation.ex	34	4	0	4	1	0	1	0	0	8	0	34	4	0	4	1	0	1	0	0	8	0
runtime/lib/fleet/observation/application.ex	83	7	0	27	9	2	1	0	0	34	0	83	7	0	27	9	2	1	0	0	34	0
runtime/lib/fleet/observation/deck.ex	304	101	0	5	38	0	1	0	3	106	0	304	101	0	5	38	0	1	0	3	106	0
runtime/lib/fleet/observation/deck/view.ex	244	2	0	25	11	3	1	0	0	27	0	244	2	0	25	11	3	1	0	0	27	0
runtime/lib/fleet/observation/read_model.ex	227	37	0	20	33	2	1	0	1	57	0	227	37	0	20	33	2	1	0	1	57	0
runtime/lib/fleet/opts.ex	36	0	0	20	4	3	1	0	0	20	0	36	0	0	20	4	3	1	0	0	20	0
runtime/lib/fleet/periodic_check.ex	138	0	0	80	10	3	1	0	0	80	0	138	0	0	80	10	3	1	0	0	80	0
runtime/lib/fleet/pilot.ex	156	20	0	91	4	3	1	0	0	111	0	156	20	0	91	4	3	1	0	0	111	0
runtime/lib/fleet/pilot/application.ex	520	187	0	89	47	4	1	0	8	276	0	520	187	0	89	47	4	1	0	8	276	0
runtime/lib/fleet/pilot/arch_feed.ex	185	12	0	29	33	0	1	0	0	41	0	185	12	0	29	33	0	1	0	0	41	0
runtime/lib/fleet/pilot/arch_wake.ex	255	30	0	52	32	1	1	0	0	82	0	255	30	0	52	32	1	1	0	0	82	0
runtime/lib/fleet/pilot/brief_builder.ex	830	287	0	42	85	2	2	0	1	329	0	830	287	0	42	85	2	2	0	1	329	0
runtime/lib/fleet/pilot/completion_outbox.ex	186	8	0	58	22	4	1	1	0	66	0	186	8	0	58	22	4	1	1	0	66	0
runtime/lib/fleet/pilot/conflict_apply.ex	160	30	0	12	19	2	1	0	0	42	0	160	30	0	12	19	2	1	0	0	42	0
runtime/lib/fleet/pilot/conflict_probe.ex	238	49	0	21	28	4	1	0	0	70	0	238	49	0	21	28	4	1	0	0	70	0
runtime/lib/fleet/pilot/conflict_report.ex	133	17	0	30	17	1	1	0	0	47	0	133	17	0	30	17	1	1	0	0	47	0
runtime/lib/fleet/pilot/incident_consumer.ex	381	85	0	59	46	0	1	0	3	144	0	381	85	0	59	46	0	1	0	3	144	0
runtime/lib/fleet/pilot/incident_registry.ex	470	87	0	36	70	6	1	0	0	123	0	470	87	0	36	70	6	1	0	0	123	0
runtime/lib/fleet/pilot/incident_registry/escalation.ex	422	94	0	47	60	2	1	0	0	141	0	422	94	0	47	60	2	1	0	0	141	0
runtime/lib/fleet/pilot/incident_registry/store.ex	378	83	0	18	55	7	1	0	0	101	0	378	83	0	18	55	7	1	0	0	101	0
runtime/lib/fleet/pilot/issue_id.ex	26	0	0	9	4	2	1	0	0	9	0	26	0	0	9	4	2	1	0	0	9	0
runtime/lib/fleet/pilot/merge_and_promote.ex	990	303	0	114	96	4	2	0	0	417	0	990	303	0	114	96	4	2	0	0	417	0
runtime/lib/fleet/pilot/merge_outcome.ex	26	0	0	8	3	1	1	0	0	8	0	26	0	0	8	3	1	1	0	0	8	0
runtime/lib/fleet/pilot/offload.ex	173	19	0	35	24	3	1	0	0	54	0	173	19	0	35	24	3	1	0	0	54	0
runtime/lib/fleet/pilot/pod_feed.ex	76	7	0	35	8	3	1	0	0	42	0	76	7	0	35	8	3	1	0	0	42	0
runtime/lib/fleet/pilot/pod_reaper.ex	177	23	0	53	18	3	1	0	0	76	0	177	23	0	53	18	3	1	0	0	76	0
runtime/lib/fleet/pilot/poller.ex	1187	397	0	58	138	2	1	0	1	455	0	1187	397	0	58	138	2	1	0	1	455	0
runtime/lib/fleet/pilot/poller/admission.ex	254	17	0	119	23	8	1	0	0	136	0	254	17	0	119	23	8	1	0	0	136	0
runtime/lib/fleet/pilot/poller/backoff.ex	36	2	0	9	5	2	1	0	0	11	0	36	2	0	9	5	2	1	0	0	11	0
runtime/lib/fleet/pilot/poller/lease.ex	427	162	0	64	33	3	2	1	0	226	0	427	162	0	64	33	3	2	1	0	226	0
runtime/lib/fleet/pilot/poller/reconciliation.ex	641	222	0	114	54	3	2	0	0	336	0	641	222	0	114	54	3	2	0	0	336	0
runtime/lib/fleet/pilot/poller_telemetry.ex	365	56	0	99	36	2	1	0	1	155	0	365	56	0	99	36	2	1	0	1	155	0
runtime/lib/fleet/pilot/step_dispatcher.ex	784	201	0	58	79	3	1	0	0	259	0	784	201	0	58	79	3	1	0	0	259	0
runtime/lib/fleet/pilot/step_dispatcher/arch_escalation.ex	399	77	0	89	44	3	2	0	0	166	0	399	77	0	89	44	3	2	0	0	166	0
runtime/lib/fleet/pilot/step_dispatcher/project_resolver.ex	185	53	0	25	19	1	1	0	1	78	0	185	53	0	25	19	1	1	0	1	78	0
runtime/lib/fleet/pilot/step_dispatcher/review_lifecycle.ex	580	192	0	67	47	1	2	0	4	259	0	580	192	0	67	47	1	2	0	4	259	0
runtime/lib/fleet/pilot/step_dispatcher/review_lifecycle/ci_gate.ex	385	108	0	61	44	3	1	0	0	169	0	385	108	0	61	44	3	1	0	0	169	0
runtime/lib/fleet/pilot/step_dispatcher/review_lifecycle/remediation.ex	506	84	0	83	55	4	1	0	0	167	0	506	84	0	83	55	4	1	0	0	167	0
runtime/lib/fleet/pilot/step_dispatcher/review_lifecycle/remediation/conflict_ladder.ex	495	139	0	17	61	0	1	0	3	156	0	495	139	0	17	61	0	1	0	3	156	0
runtime/lib/fleet/pilot/step_dispatcher/review_lifecycle/role_dispatch.ex	370	94	0	51	35	2	1	1	0	145	0	370	94	0	51	35	2	1	1	0	145	0
runtime/lib/fleet/pilot/step_dispatcher/review_lifecycle/verdict_exception.ex	164	21	0	42	18	1	1	0	1	63	0	164	21	0	42	18	1	1	0	1	63	0
runtime/lib/fleet/pilot/step_dispatcher/spawn.ex	909	247	0	159	82	11	3	0	0	406	0	909	247	0	159	82	11	3	0	0	406	0
runtime/lib/fleet/pilot/step_run_completer.ex	1036	129	0	125	128	7	1	1	0	254	0	1036	129	0	125	128	7	1	1	0	254	0
runtime/lib/fleet/pilot/step_run_completer/attestations.ex	225	59	0	14	27	3	1	0	0	73	0	225	59	0	14	27	3	1	0	0	73	0
runtime/lib/fleet/pilot/step_run_completer/emissions.ex	100	1	0	18	12	2	1	0	0	19	0	100	1	0	18	12	2	1	0	0	19	0
runtime/lib/fleet/pilot/step_run_completer/texts.ex	50	0	0	15	6	3	1	0	0	15	0	50	0	0	15	6	3	1	0	0	15	0
runtime/lib/fleet/pilot/step_run_consumer.ex	1007	154	0	89	124	1	1	0	6	243	0	1007	154	0	89	124	1	1	0	6	243	0
runtime/lib/fleet/pilot/step_run_consumer/gate_engine.ex	388	37	0	26	57	3	2	2	2	63	0	388	37	0	26	57	3	2	2	2	63	0
runtime/lib/fleet/pilot/step_run_consumer/gatekeeper_escalation.ex	159	30	0	15	20	1	2	0	0	45	0	159	30	0	15	20	1	2	0	0	45	0
runtime/lib/fleet/pilot/step_run_consumer/step_run_build.ex	249	28	0	16	33	1	2	1	0	44	0	249	28	0	16	33	1	2	1	0	44	0
runtime/lib/fleet/pilot/step_run_consumer/terminal_escalation.ex	276	17	0	71	30	6	2	0	0	88	0	276	17	0	71	30	6	2	0	0	88	0
runtime/lib/fleet/pilot/step_run_consumer/verdict.ex	427	109	0	62	61	1	1	0	11	171	0	427	109	0	62	61	1	1	0	11	171	0
runtime/lib/fleet/pilot/step_run_consumer/verdict_correction.ex	220	18	0	54	32	1	2	1	1	72	0	220	18	0	54	32	1	2	1	1	72	0
runtime/lib/fleet/pilot/wake_recovery.ex	110	12	0	13	17	1	1	0	0	25	0	110	12	0	13	17	1	1	0	0	25	0
runtime/lib/fleet/pilot/workflow_map_nav.ex	118	3	0	34	13	5	1	0	0	37	0	118	3	0	34	13	5	1	0	0	37	0
runtime/lib/fleet/pod_id.ex	75	1	0	26	12	5	1	0	0	27	0	75	1	0	26	12	5	1	0	0	27	0
runtime/lib/fleet/project.ex	78	6	0	39	1	0	1	0	0	45	0	78	6	0	39	1	0	1	0	0	45	0
runtime/lib/fleet/project/architect.ex	256	20	0	122	22	4	1	0	0	142	0	256	20	0	122	22	4	1	0	0	142	0
runtime/lib/fleet/project/declaration.ex	372	84	0	75	38	5	1	0	0	159	0	372	84	0	75	38	5	1	0	0	159	0
runtime/lib/fleet/project/git_ops.ex	78	9	0	11	13	2	1	0	0	20	0	78	9	0	11	13	2	1	0	0	20	0
runtime/lib/fleet/project/incidents.ex	73	5	0	27	8	1	1	0	0	32	0	73	5	0	27	8	1	1	0	0	32	0
runtime/lib/fleet/project/onboard.ex	501	123	0	84	52	2	1	0	15	207	0	501	123	0	84	52	2	1	0	15	207	0
runtime/lib/fleet/project/onboard/adopt.ex	181	6	0	16	18	1	1	0	0	22	0	181	6	0	16	18	1	1	0	0	22	0
runtime/lib/fleet/project/onboard/card.ex	368	57	0	37	45	2	1	0	0	94	0	368	57	0	37	45	2	1	0	0	94	0
runtime/lib/fleet/project/onboard/create.ex	308	56	0	43	30	2	1	0	0	99	0	308	56	0	43	30	2	1	0	0	99	0
runtime/lib/fleet/project/onboard/faces.ex	333	68	0	25	38	1	1	0	18	93	0	333	68	0	25	38	1	1	0	18	93	0
runtime/lib/fleet/project/onboard/import.ex	499	69	0	75	51	3	1	0	0	144	0	499	69	0	75	51	3	1	0	0	144	0
runtime/lib/fleet/project/onboard/lifecycle.ex	467	30	0	80	63	5	1	0	0	110	0	467	30	0	80	63	5	1	0	0	110	0
runtime/lib/fleet/project/onboard/migration.ex	368	72	0	80	42	5	1	0	0	152	0	368	72	0	80	42	5	1	0	0	152	0
runtime/lib/fleet/project/onboard/refute.ex	130	6	0	53	12	2	1	0	0	59	0	130	6	0	53	12	2	1	0	0	59	0
runtime/lib/fleet/project/onboard/repo.ex	192	29	0	12	27	0	1	0	13	41	0	192	29	0	12	27	0	1	0	13	41	0
runtime/lib/fleet/project/onboard/scaffold.ex	279	32	0	85	29	5	1	0	0	117	0	279	32	0	85	29	5	1	0	0	117	0
runtime/lib/fleet/project/roles.ex	479	39	0	184	44	15	1	0	0	223	0	479	39	0	184	44	15	1	0	0	223	0
runtime/lib/fleet/project/worktree_sync.ex	246	38	0	31	37	3	1	0	0	69	0	246	38	0	31	37	3	1	0	0	69	0
runtime/lib/fleet/project_bootstrap.ex	26	3	0	8	1	0	1	0	0	11	0	26	3	0	8	1	0	1	0	0	11	0
runtime/lib/fleet/project_bootstrap/phase.ex	725	232	0	100	77	5	2	0	0	332	0	725	232	0	100	77	5	2	0	0	332	0
runtime/lib/fleet/publish/in_flight.ex	47	0	0	13	7	4	1	0	0	13	0	47	0	0	13	7	4	1	0	0	13	0
runtime/lib/fleet/reception_filter.ex	77	10	0	27	5	1	1	1	0	37	0	77	10	0	27	5	1	1	1	0	37	0
runtime/lib/fleet/release_door.ex	48	0	0	31	3	1	1	0	0	31	0	48	0	0	31	3	1	1	0	0	31	0
runtime/lib/fleet/roster.ex	266	58	0	80	21	4	1	0	0	138	0	266	58	0	80	21	4	1	0	0	138	0
runtime/lib/fleet/schema_cache.ex	98	12	0	38	10	3	1	0	0	50	0	98	12	0	38	10	3	1	0	0	50	0
runtime/lib/fleet/shutdown/quiesce.ex	123	28	0	14	18	5	1	0	1	42	0	123	28	0	14	18	5	1	0	1	42	0
runtime/lib/fleet/slug.ex	163	3	0	87	15	6	1	0	0	90	11	163	3	0	87	15	6	1	0	0	90	11
runtime/lib/fleet/sp_builder.ex	456	42	0	90	57	11	1	0	0	132	0	456	42	0	90	57	11	1	0	0	132	0
runtime/lib/fleet/sp_builder/blocks.ex	183	29	0	51	24	4	1	0	0	80	0	183	29	0	51	24	4	1	0	0	80	0
runtime/lib/fleet/sp_builder/composer.ex	22	0	0	3	3	0	1	0	0	3	0	22	0	0	3	3	0	1	0	0	3	0
runtime/lib/fleet/sp_builder/image.ex	458	107	0	52	58	10	1	0	0	159	0	458	107	0	52	58	10	1	0	0	159	0
runtime/lib/fleet/sp_builder/monk.ex	106	5	0	33	12	3	1	0	0	38	0	106	5	0	33	12	3	1	0	0	38	0
runtime/lib/fleet/sp_builder/repo_sections.ex	199	42	0	46	26	2	1	0	0	88	0	199	42	0	46	26	2	1	0	0	88	0
runtime/lib/fleet/spawner.ex	827	111	0	288	72	23	1	0	0	399	0	577	8	0	141	72	23	1	0	0	149	0
runtime/lib/fleet/spawner/application.ex	101	3	0	19	14	1	1	0	0	22	0	101	3	0	19	14	1	1	0	0	22	0
runtime/lib/fleet/spawner/boot_epoch.ex	38	0	0	7	6	2	1	0	0	7	0	38	0	0	7	6	2	1	0	0	7	0
runtime/lib/fleet/spawner/canon_proof.ex	142	13	0	14	23	2	1	0	0	27	0	142	13	0	14	23	2	1	0	0	27	0
runtime/lib/fleet/spawner/launch_backend.ex	46	1	0	19	6	3	1	0	0	20	0	46	1	0	19	6	3	1	0	0	20	0
runtime/lib/fleet/spawner/launch_backend/launcher_port_backend.ex	101	14	0	13	8	1	1	0	0	27	0	101	14	0	13	8	1	1	0	0	27	0
runtime/lib/fleet/spawner/mcp_socket_provisioner.ex	53	2	0	34	5	4	1	0	0	36	0	53	2	0	34	5	4	1	0	0	36	0
runtime/lib/fleet/spawner/permanent_boot.ex	251	23	0	69	35	8	1	0	0	92	0	251	23	0	69	35	8	1	0	0	92	0
runtime/lib/fleet/spawner/permanent_warden.ex	318	19	0	57	50	1	1	0	0	76	0	318	19	0	57	50	1	1	0	0	76	0
runtime/lib/fleet/spawner/pod.ex	1482	344	0	93	195	3	1	0	1	437	0	1126	55	0	33	188	3	1	0	1	88	0
runtime/lib/fleet/spawner/pod/assets.ex	258	21	0	86	27	6	1	0	0	107	0	258	21	0	86	27	6	1	0	0	107	0
runtime/lib/fleet/spawner/pod/backend.ex	125	5	0	27	21	9	1	0	0	32	0	125	5	0	27	21	9	1	0	0	32	0
runtime/lib/fleet/spawner/pod/brief.ex	169	24	0	51	19	3	1	0	1	75	0	169	24	0	51	19	3	1	0	1	75	0
runtime/lib/fleet/spawner/pod/completed_payload.ex	95	7	0	10	14	1	1	0	0	17	0	95	7	0	10	14	1	1	0	0	17	0
runtime/lib/fleet/spawner/pod/egress.ex	504	82	0	111	55	6	1	0	0	193	0	504	82	0	111	55	6	1	0	0	193	0
runtime/lib/fleet/spawner/pod/egress/vendor.ex	79	0	0	41	7	3	1	0	0	41	0	79	0	0	41	7	3	1	0	0	41	0
runtime/lib/fleet/spawner/pod/events.ex	78	0	0	21	10	2	1	0	0	21	0	78	0	0	21	10	2	1	0	0	21	0
runtime/lib/fleet/spawner/pod/fs.ex	26	0	0	8	2	2	1	0	0	8	0	26	0	0	8	2	2	1	0	0	8	0
runtime/lib/fleet/spawner/pod/kick.ex	203	38	0	95	17	9	1	0	2	133	0	203	38	0	95	17	9	1	0	2	133	0
runtime/lib/fleet/spawner/pod/launch_env.ex	295	85	0	39	24	1	1	0	0	124	0	295	85	0	39	24	1	1	0	0	124	0
runtime/lib/fleet/spawner/pod/launch_spec.ex	754	99	0	206	79	17	1	0	1	305	0	754	99	0	206	79	17	1	0	1	305	0
runtime/lib/fleet/spawner/pod/liveness.ex	269	46	0	83	27	5	1	0	0	129	0	269	46	0	83	27	5	1	0	0	129	0
runtime/lib/fleet/spawner/pod/mcp_provision.ex	237	51	0	53	28	5	1	0	0	104	0	237	51	0	53	28	5	1	0	0	104	0
runtime/lib/fleet/spawner/pod/paths.ex	92	0	0	36	13	8	1	0	0	36	0	92	0	0	36	13	8	1	0	0	36	0
runtime/lib/fleet/spawner/pod/publishing.ex	58	0	0	26	7	6	1	0	0	26	0	58	0	0	26	7	6	1	0	0	26	0
runtime/lib/fleet/spawner/pod/recovery.ex	59	0	0	27	7	5	1	0	0	27	0	59	0	0	27	7	5	1	0	0	27	0
runtime/lib/fleet/spawner/pod/scaffold.ex	265	46	0	58	27	3	1	0	0	104	0	265	46	0	58	27	3	1	0	0	104	0
runtime/lib/fleet/spawner/pod/session_files.ex	98	6	0	36	9	2	1	0	0	42	0	98	6	0	36	9	2	1	0	0	42	0
runtime/lib/fleet/spawner/pod/session_mint.ex	124	35	0	31	9	1	1	0	0	66	0	124	35	0	31	9	1	1	0	0	66	0
runtime/lib/fleet/spawner/pod/state_fs.ex	194	35	0	23	22	3	1	0	0	58	0	194	35	0	23	22	3	1	0	0	58	0
runtime/lib/fleet/spawner/pod/task_probe.ex	162	6	0	94	10	7	1	0	0	100	0	162	6	0	94	10	7	1	0	0	100	0
runtime/lib/fleet/spawner/pod/turn_flag.ex	119	0	0	40	19	6	1	0	0	40	0	119	0	0	40	19	6	1	0	0	40	0
runtime/lib/fleet/spawner/pod_tmux.ex	243	8	0	84	29	12	1	0	1	92	0	243	8	0	84	29	12	1	0	1	92	0
runtime/lib/fleet/spawner/pod_warden.ex	237	17	0	35	36	4	1	0	0	52	0	237	17	0	35	36	4	1	0	0	52	0
runtime/lib/fleet/spawner/pool_slot.ex	201	8	0	104	18	4	1	0	0	112	0	201	8	0	104	18	4	1	0	0	112	0
runtime/lib/fleet/spawner/publish_consumer.ex	212	12	0	14	33	1	1	0	0	26	0	212	12	0	14	33	1	1	0	0	26	0
runtime/lib/fleet/spawner/seed_store.ex	418	82	0	59	41	6	1	0	0	141	0	418	82	0	59	41	6	1	0	0	141	0
runtime/lib/fleet/spawner/session_id.ex	108	3	0	77	7	2	1	0	0	80	0	108	3	0	77	7	2	1	0	0	80	0
runtime/lib/fleet/spawner/supervisor.ex	46	9	0	16	4	0	1	0	0	25	0	27	0	0	6	4	0	1	0	0	6	0
runtime/lib/fleet/system_config.ex	99	0	0	26	16	1	1	0	0	26	0	99	0	0	26	16	1	1	0	0	26	0
runtime/lib/fleet/task_queue.ex	160	0	0	50	25	11	1	0	0	50	0	160	0	0	50	25	11	1	0	0	50	0
runtime/lib/fleet/task_queue/application.ex	24	4	0	0	3	0	0	0	1	4	0	24	4	0	0	3	0	0	0	1	4	0
runtime/lib/fleet/task_queue/broadcast.ex	115	2	0	52	11	3	1	0	0	54	0	115	2	0	52	11	3	1	0	0	54	0
runtime/lib/fleet/task_queue/server.ex	555	121	0	55	80	0	1	0	0	176	0	555	121	0	55	80	0	1	0	0	176	0
runtime/lib/fleet/task_queue/work_item.ex	178	28	0	34	21	3	1	0	0	62	0	178	28	0	34	21	3	1	0	0	62	0
runtime/lib/fleet/toolchain.ex	323	12	0	146	36	12	1	1	0	158	0	323	12	0	146	36	12	1	1	0	158	0
runtime/lib/fleet/workflow.ex	77	28	0	14	1	0	1	0	0	42	0	77	28	0	14	1	0	1	0	0	42	0
runtime/lib/fleet/workflow/brief_artifact.ex	208	16	0	94	20	5	1	0	0	110	0	208	16	0	94	20	5	1	0	0	110	0
runtime/lib/fleet/workflow/brief_template.ex	34	1	0	7	5	1	1	0	0	8	0	34	1	0	7	5	1	1	0	0	8	0
runtime/lib/fleet/workflow/card_roles.ex	158	15	0	44	18	2	1	0	0	59	0	158	15	0	44	18	2	1	0	0	59	0
runtime/lib/fleet/workflow/catalogue_guards.ex	172	52	0	16	20	4	1	0	0	68	0	172	52	0	16	20	4	1	0	0	68	0
runtime/lib/fleet/workflow/deliverable.ex	221	40	0	15	28	1	1	0	0	55	0	221	40	0	15	28	1	1	0	0	55	0
runtime/lib/fleet/workflow/deliverable_gate.ex	390	95	0	32	46	5	1	0	0	127	0	390	95	0	32	46	5	1	0	0	127	0
runtime/lib/fleet/workflow/gate.ex	12	0	0	4	1	0	1	0	0	4	0	12	0	0	4	1	0	1	0	0	4	0
runtime/lib/fleet/workflow/gate_brief.ex	105	15	0	34	13	1	1	0	0	49	0	105	15	0	34	13	1	1	0	0	49	0
runtime/lib/fleet/workflow/gate_decision.ex	12	0	0	5	2	1	1	0	0	5	0	12	0	0	5	2	1	1	0	0	5	0
runtime/lib/fleet/workflow/gates.ex	128	24	0	36	16	0	1	0	0	60	0	128	24	0	36	16	0	1	0	0	60	0
runtime/lib/fleet/workflow/gates/predicate.ex	170	25	0	74	14	1	1	0	0	99	5	170	25	0	74	14	1	1	0	0	99	5
runtime/lib/fleet/workflow/git.ex	598	57	0	65	75	11	1	0	0	122	0	598	57	0	65	75	11	1	0	0	122	0
runtime/lib/fleet/workflow/graph_validator.ex	143	3	0	13	24	2	1	0	0	16	0	143	3	0	13	24	2	1	0	0	16	0
runtime/lib/fleet/workflow/loader.ex	468	108	0	85	45	10	1	0	1	193	0	468	108	0	85	45	10	1	0	1	193	0
runtime/lib/fleet/workflow/ops_object.ex	200	38	0	41	23	2	1	0	0	79	0	200	38	0	41	23	2	1	0	0	79	0
runtime/lib/fleet/workflow/ops_object_sync.ex	200	24	0	59	24	2	1	0	0	83	0	200	24	0	59	24	2	1	0	0	83	0
runtime/lib/fleet/workflow/payload_guard.ex	226	44	0	72	21	1	1	0	0	116	0	226	44	0	72	21	1	1	0	0	116	0
runtime/lib/fleet/workflow/pinning.ex	140	22	0	42	20	2	1	0	0	64	0	140	22	0	42	20	2	1	0	0	64	0
runtime/lib/fleet/workflow/provenance.ex	209	37	0	44	17	3	1	0	0	81	0	209	37	0	44	17	3	1	0	0	81	0
runtime/lib/fleet/workflow/provenance/verifier.ex	136	4	0	17	22	2	1	1	0	21	0	136	4	0	17	22	2	1	1	0	21	0
runtime/lib/fleet/workflow/step_outputs.ex	137	8	0	58	14	2	1	0	0	66	0	137	8	0	58	14	2	1	0	0	66	0
runtime/lib/mix/tasks/lcars.catalogue.roles.ex	79	11	0	21	12	0	1	0	0	32	0	79	11	0	21	12	0	1	0	0	32	0
runtime/lib/mix/tasks/lcars.catalogue.verify.ex	71	9	0	9	12	0	1	0	0	18	0	71	9	0	9	12	0	1	0	0	18	0
runtime/lib/mix/tasks/lcars.contracts.check.ex	223	21	0	48	24	1	1	0	0	69	0	223	21	0	48	24	1	1	0	0	69	0
runtime/lib/mix/tasks/lcars.provenance.verify.ex	71	1	0	9	11	0	1	0	0	10	0	71	1	0	9	11	0	1	0	0	10	0
runtime/lib/mix/tasks/lcars.slug_witness.ex	114	17	0	29	15	0	1	0	0	46	0	114	17	0	29	15	0	1	0	0	46	0
runtime/lib/mix/tasks/lcars.sp.gen.ex	110	22	0	15	14	0	1	0	0	37	0	110	22	0	15	14	0	1	0	0	37	0
runtime/lib/mix/tasks/lcars.test.view.ex	291	14	0	39	53	5	1	2	0	53	0	291	14	0	39	53	5	1	2	0	53	0
runtime/lib/mix/tasks/lcars.topology.ex	373	55	0	39	44	0	1	0	0	94	0	373	55	0	39	44	0	1	0	0	94	0
runtime/lib/mix/tasks/lcars/contracts/check/artifact.ex	762	241	0	15	72	0	1	0	7	256	0	762	241	0	15	72	0	1	0	7	256	0
runtime/lib/mix/tasks/lcars/contracts/check/boot.ex	180	44	0	12	14	0	1	0	3	56	0	180	44	0	12	14	0	1	0	3	56	0
runtime/lib/mix/tasks/lcars/contracts/check/catalogue.ex	745	200	0	13	75	0	1	0	7	213	0	745	200	0	13	75	0	1	0	7	213	0
runtime/lib/mix/tasks/lcars/contracts/check/events.ex	614	159	0	14	72	0	1	0	8	173	0	614	159	0	14	72	0	1	0	8	173	0
runtime/lib/mix/tasks/lcars/contracts/check/runtime.ex	1356	327	0	116	135	3	1	0	17	443	0	1356	327	0	116	135	3	1	0	17	443	0
runtime/lib/mix/tasks/lcars/contracts/check/single_source.ex	1365	225	0	202	129	8	1	0	2	427	0	1365	225	0	202	129	8	1	0	2	427	0
runtime/lib/mix/tasks/lcars/contracts/check/support.ex	509	144	0	52	55	2	1	1	20	196	0	509	144	0	52	55	2	1	1	20	196	0
runtime/lib/mix/tasks/lcars/contracts/check/tests.ex	677	205	0	19	70	0	1	0	6	224	0	677	205	0	19	70	0	1	0	6	224	0
runtime/lib/mix/tasks/lcars/contracts/check/tools.ex	1512	318	0	145	167	4	1	0	10	463	0	1512	318	0	145	167	4	1	0	10	463	0
runtime/lib/mix/tasks/lcars/contracts/check/types.ex	331	98	0	19	42	0	1	0	2	117	0	331	98	0	19	42	0	1	0	2	117	0
runtime/mix.exs	310	153	0	0	20	0	0	0	0	153	0	310	153	0	0	20	0	0	0	0	153	0
runtime/test/fleet/admiral/application_boot_knob_test.exs	40	3	0	8	6	0	1	0	0	11	0	40	3	0	8	6	0	1	0	0	11	0
runtime/test/fleet/admiral/audit_consumer_resubscribe_test.exs	155	20	0	17	28	0	1	0	0	37	0	155	20	0	17	28	0	1	0	0	37	0
runtime/test/fleet/admiral/audit_consumer_test.exs	52	1	0	7	8	0	1	0	0	8	0	52	1	0	7	8	0	1	0	0	8	0
runtime/test/fleet/admiral/boot_orchestrator_test.exs	118	3	0	5	24	0	1	0	0	8	0	118	3	0	5	24	0	1	0	0	8	0
runtime/test/fleet/admiral/mcp_monitor_test.exs	211	12	0	13	38	0	1	0	0	25	0	211	12	0	13	38	0	1	0	0	25	0
runtime/test/fleet/admiral/shutdown_aggregate_test.exs	146	27	0	9	23	0	1	0	0	36	0	146	27	0	9	23	0	1	0	0	36	0
runtime/test/fleet/admiral/shutdown_test.exs	100	15	0	7	14	0	1	0	0	22	0	100	15	0	7	14	0	1	0	0	22	0
runtime/test/fleet/admiral/toolchain_reconciler_test.exs	474	69	0	14	86	0	1	0	0	83	0	474	69	0	14	86	0	1	0	0	83	0
runtime/test/fleet/api/bind_address_test.exs	108	17	0	21	16	0	1	0	0	38	0	108	17	0	21	16	0	1	0	0	38	0
runtime/test/fleet/api/build_info_test.exs	65	3	0	13	9	0	1	0	0	16	0	65	3	0	13	9	0	1	0	0	16	0
runtime/test/fleet/api/control_router_test.exs	648	122	0	0	99	0	0	0	0	122	0	648	122	0	0	99	0	0	0	0	122	0
runtime/test/fleet/api/readiness_test.exs	243	31	0	0	47	0	0	0	0	31	0	243	31	0	0	47	0	0	0	0	31	0
runtime/test/fleet/application/catalogue_deposits_test.exs	377	64	0	0	49	0	0	0	0	64	0	377	64	0	0	49	0	0	0	0	64	0
runtime/test/fleet/application/catalogue_lifecycle_test.exs	404	86	0	0	52	0	0	0	0	86	0	404	86	0	0	52	0	0	0	0	86	0
runtime/test/fleet/application/catalogue_verify_test.exs	280	59	0	8	53	0	1	0	0	67	0	280	59	0	8	53	0	1	0	0	67	0
runtime/test/fleet/application_prep_stop_test.exs	23	3	0	6	3	0	1	0	0	9	0	23	3	0	6	3	0	1	0	0	9	0
runtime/test/fleet/cap_profile/canonical_json_property_test.exs	126	32	0	14	17	0	1	0	0	46	0	126	32	0	14	17	0	1	0	0	46	0
runtime/test/fleet/cap_profile/conformance_test.exs	413	79	0	11	59	0	1	0	0	90	0	413	79	0	11	59	0	1	0	0	90	0
runtime/test/fleet/cap_profile/declaration_schema_test.exs	97	6	0	4	13	0	1	0	0	10	0	97	6	0	4	13	0	1	0	0	10	0
runtime/test/fleet/cap_profile/disk_scope_test.exs	147	24	0	8	18	0	1	0	0	32	0	147	24	0	8	18	0	1	0	0	32	0
runtime/test/fleet/cap_profile/monks_conformance_test.exs	116	7	0	12	14	0	1	0	0	19	0	116	7	0	12	14	0	1	0	0	19	0
runtime/test/fleet/cap_profile/monks_frozen_test.exs	51	8	0	0	8	0	0	0	0	8	0	51	8	0	0	8	0	0	0	0	8	0
runtime/test/fleet/cap_profile_image_test.exs	174	29	0	5	32	0	1	0	0	34	0	174	29	0	5	32	0	1	0	0	34	0
runtime/test/fleet/cap_profile_reserved_seat_test.exs	144	15	0	9	25	0	1	0	0	24	0	144	15	0	9	25	0	1	0	0	24	0
runtime/test/fleet/cap_profile_test.exs	1700	226	0	0	287	0	0	0	0	226	0	1700	226	0	0	287	0	0	0	0	226	0
runtime/test/fleet/catalogue_store_address_test.exs	68	6	0	26	7	0	1	0	0	32	0	68	6	0	26	7	0	1	0	0	32	0
runtime/test/fleet/catalogue_test.exs	525	78	0	6	90	0	1	0	0	84	0	525	78	0	6	90	0	1	0	0	84	0
runtime/test/fleet/config_knobs_test.exs	150	23	0	20	20	0	1	0	0	43	0	150	23	0	20	20	0	1	0	0	43	0
runtime/test/fleet/conflict/conflict_test.exs	199	46	0	0	27	0	0	0	0	46	0	199	46	0	0	27	0	0	0	0	46	0
runtime/test/fleet/conflict/patterns_test.exs	260	51	0	0	41	0	0	0	0	51	0	260	51	0	0	41	0	0	0	0	51	0
runtime/test/fleet/credentials/forge_auth_test.exs	181	30	0	0	31	0	0	0	0	30	0	181	30	0	0	31	0	0	0	0	30	0
runtime/test/fleet/credentials/forge_identity_test.exs	93	11	0	6	14	0	1	0	0	17	0	93	11	0	6	14	0	1	0	0	17	0
runtime/test/fleet/credentials/gate_test.exs	105	5	0	5	18	0	1	0	0	10	0	105	5	0	5	18	0	1	0	0	10	0
runtime/test/fleet/credentials/role_identity_test.exs	76	13	0	0	12	0	0	0	0	13	0	76	13	0	0	12	0	0	0	0	13	0
runtime/test/fleet/credentials/role_token_test.exs	99	41	0	0	13	0	0	0	0	41	0	99	41	0	0	13	0	0	0	0	41	0
runtime/test/fleet/credentials/shell_test.exs	380	94	0	0	63	0	0	0	0	94	0	380	94	0	0	63	0	0	0	0	94	0
runtime/test/fleet/durable_log_test.exs	95	8	0	9	20	0	1	0	0	17	0	95	8	0	9	20	0	1	0	0	17	0
runtime/test/fleet/env_parse_test.exs	85	2	0	0	14	0	0	0	0	2	0	85	2	0	0	14	0	0	0	0	2	0
runtime/test/fleet/event_router/application_escalation_test.exs	28	9	0	0	6	0	0	0	0	9	0	28	9	0	0	6	0	0	0	0	9	0
runtime/test/fleet/event_router/bind_address_test.exs	81	2	0	10	12	0	1	0	0	12	0	81	2	0	10	12	0	1	0	0	12	0
runtime/test/fleet/event_router/bus_registry_empty_test.exs	112	12	0	14	19	0	1	0	0	26	0	112	12	0	14	19	0	1	0	0	26	0
runtime/test/fleet/event_router/bus_safe_emit_test.exs	186	13	0	20	28	0	1	0	0	33	0	186	13	0	20	28	0	1	0	0	33	0
runtime/test/fleet/event_router/bus_test.exs	123	19	0	0	27	0	0	0	0	19	0	123	19	0	0	27	0	0	0	0	19	0
runtime/test/fleet/event_router/catalog_fail_loud_test.exs	105	22	0	0	17	0	0	0	0	22	0	105	22	0	0	17	0	0	0	0	22	0
runtime/test/fleet/event_router/catalog_routing_test.exs	160	13	0	5	27	0	1	0	0	18	0	160	13	0	5	27	0	1	0	0	18	0
runtime/test/fleet/event_router/events_schema_test.exs	77	5	0	10	11	0	1	0	0	15	0	77	5	0	10	11	0	1	0	0	15	0
runtime/test/fleet/event_router/r1_seam_broadcast_test.exs	48	5	0	12	10	0	1	0	0	17	0	48	5	0	12	10	0	1	0	0	17	0
runtime/test/fleet/event_router/registry_gitea_test.exs	31	0	0	7	3	0	1	0	0	7	0	31	0	0	7	3	0	1	0	0	7	0
runtime/test/fleet/event_router/signals_os_test.exs	13	2	0	0	2	0	0	0	0	2	0	13	2	0	0	2	0	0	0	0	2	0
runtime/test/fleet/event_router/unix_listener_test.exs	130	17	0	16	19	0	1	0	0	33	0	130	17	0	16	19	0	1	0	0	33	0
runtime/test/fleet/event_router/webhooks_gitea_test.exs	368	43	0	0	66	0	0	0	0	43	0	368	43	0	0	66	0	0	0	0	43	0
runtime/test/fleet/event_test.exs	108	5	0	5	19	0	1	0	0	10	0	108	5	0	5	19	0	1	0	0	10	0
runtime/test/fleet/findings_wire_test.exs	132	23	0	0	26	0	0	0	0	23	0	132	23	0	0	26	0	0	0	0	23	0
runtime/test/fleet/forge/actions_test.exs	321	49	0	0	49	0	0	0	1	49	0	321	49	0	0	49	0	0	0	1	49	0
runtime/test/fleet/forge/client/bot_login_cache_test.exs	220	41	0	0	35	0	0	0	3	41	0	220	41	0	0	35	0	0	0	3	41	0
runtime/test/fleet/forge/client/url_safe_test.exs	41	8	0	0	7	0	0	0	0	8	0	41	8	0	0	7	0	0	0	0	8	0
runtime/test/fleet/forge/client_ci_state_test.exs	295	57	0	0	50	0	0	0	1	57	0	295	57	0	0	50	0	0	0	1	57	0
runtime/test/fleet/forge/client_close_issue_kind_test.exs	51	4	0	8	7	0	1	0	0	12	0	51	4	0	8	7	0	1	0	0	12	0
runtime/test/fleet/forge/client_pagination_test.exs	138	24	0	0	25	0	0	0	1	24	0	138	24	0	0	25	0	0	0	1	24	0
runtime/test/fleet/forge/client_test.exs	2569	340	0	0	379	0	0	0	1	340	0	2569	340	0	0	379	0	0	0	1	340	0
runtime/test/fleet/forge/jury_verdict_function_test.exs	268	34	0	0	45	0	0	0	0	34	0	268	34	0	0	45	0	0	0	0	34	0
runtime/test/fleet/forge/merge_405_test.exs	116	9	0	13	17	0	1	0	2	22	0	116	9	0	13	17	0	1	0	2	22	0
runtime/test/fleet/forge/payload_fixture_test.exs	120	14	0	16	14	0	1	0	0	30	0	120	14	0	16	14	0	1	0	0	30	0
runtime/test/fleet/forge/payload_test.exs	99	12	0	12	17	0	1	0	0	24	0	99	12	0	12	17	0	1	0	0	24	0
runtime/test/fleet/forge/protocol_property_test.exs	154	45	0	0	18	0	0	0	0	45	0	154	45	0	0	18	0	0	0	0	45	0
runtime/test/fleet/forge/protocol_test.exs	204	17	0	0	43	0	0	0	0	17	0	204	17	0	0	43	0	0	0	0	17	0
runtime/test/fleet/git_ref_property_test.exs	145	38	0	11	15	0	1	0	0	49	0	145	38	0	11	15	0	1	0	0	49	0
runtime/test/fleet/git_ref_test.exs	48	6	0	5	7	0	1	0	0	11	0	48	6	0	5	7	0	1	0	0	11	0
runtime/test/fleet/grace_test.exs	55	2	0	6	8	0	1	0	0	8	0	55	2	0	6	8	0	1	0	0	8	0
runtime/test/fleet/labels_test.exs	172	45	0	0	24	0	0	0	0	45	0	172	45	0	0	24	0	0	0	0	45	0
runtime/test/fleet/layout_test.exs	313	73	0	7	47	0	1	0	0	80	0	313	73	0	7	47	0	1	0	0	80	0
runtime/test/fleet/loader_envelope_test.exs	377	68	0	11	43	0	1	0	0	79	0	377	68	0	11	43	0	1	0	0	79	0
runtime/test/fleet/mcp/accessor_seam_conformance_test.exs	154	13	0	32	21	0	1	0	0	45	0	154	13	0	32	21	0	1	0	0	45	0
runtime/test/fleet/mcp/create_issue_lot_test.exs	210	14	0	21	34	0	1	0	0	35	0	210	14	0	21	34	0	1	0	0	35	0
runtime/test/fleet/mcp/delete_project_disarmed_test.exs	127	0	0	15	24	0	1	0	0	15	0	127	0	0	15	24	0	1	0	0	15	0
runtime/test/fleet/mcp/dependency_seam_conformance_test.exs	136	5	0	13	23	0	1	0	0	18	0	136	5	0	13	23	0	1	0	0	18	0
runtime/test/fleet/mcp/dependency_tools_test.exs	143	1	0	12	28	0	1	0	0	13	0	143	1	0	12	28	0	1	0	0	13	0
runtime/test/fleet/mcp/emergency_stop_test.exs	227	3	0	17	42	0	1	0	0	20	0	227	3	0	17	42	0	1	0	0	20	0
runtime/test/fleet/mcp/idempotency_test.exs	132	14	0	0	26	0	0	0	0	14	0	132	14	0	0	26	0	0	0	0	14	0
runtime/test/fleet/mcp/issue_status_reviews_test.exs	264	22	0	15	45	0	1	0	0	37	0	264	22	0	15	45	0	1	0	0	37	0
runtime/test/fleet/mcp/poc_exmcp_native_test.exs	91	2	0	18	12	0	1	0	0	20	0	91	2	0	18	12	0	1	0	0	20	0
runtime/test/fleet/mcp/pod_socket_test.exs	862	185	0	16	162	0	1	0	2	201	0	862	185	0	16	162	0	1	0	2	201	0
runtime/test/fleet/mcp/pod_tools_test.exs	3158	425	0	10	546	0	1	0	0	435	0	3158	425	0	10	546	0	1	0	0	435	0
runtime/test/fleet/mcp/probe_seam_contract_test.exs	61	7	0	21	10	0	1	0	0	28	0	61	7	0	21	10	0	1	0	0	28	0
runtime/test/fleet/mcp/probe_test.exs	336	50	0	10	58	0	1	0	5	60	0	336	50	0	10	58	0	1	0	5	60	0
runtime/test/fleet/mcp/project_publish_test.exs	135	30	0	6	19	0	1	0	0	36	0	135	30	0	6	19	0	1	0	0	36	0
runtime/test/fleet/mcp/result_event_test.exs	114	18	0	9	17	0	1	0	0	27	0	114	18	0	9	17	0	1	0	0	27	0
runtime/test/fleet/mcp/retire_issue_test.exs	305	38	0	14	55	0	1	0	0	52	0	305	38	0	14	55	0	1	0	0	52	0
runtime/test/fleet/mcp/scratch_test.exs	150	16	0	13	24	0	1	0	0	29	0	150	16	0	13	24	0	1	0	0	29	0
runtime/test/fleet/mcp/seam_conformance_test.exs	110	21	0	22	13	0	1	0	0	43	0	110	21	0	22	13	0	1	0	0	43	0
runtime/test/fleet/mcp/seam_contract_test.exs	47	9	0	11	4	0	1	0	0	20	0	47	9	0	11	4	0	1	0	0	20	0
runtime/test/fleet/mcp/server_test.exs	59	6	0	10	9	0	1	0	0	16	0	59	6	0	10	9	0	1	0	0	16	0
runtime/test/fleet/mcp/socket_warden_test.exs	228	44	0	9	37	0	1	0	0	53	0	228	44	0	9	37	0	1	0	0	53	0
runtime/test/fleet/mcp/submit_result_schema_test.exs	28	7	0	0	4	0	0	0	0	7	0	28	7	0	0	4	0	0	0	0	7	0
runtime/test/fleet/mcp/supersede_dependencies_test.exs	215	24	0	10	36	0	1	0	0	34	0	215	24	0	10	36	0	1	0	0	34	0
runtime/test/fleet/mcp/supervisor_test.exs	139	37	0	7	17	0	1	0	0	44	0	139	37	0	7	17	0	1	0	0	44	0
runtime/test/fleet/mcp/tool_input_schema_test.exs	34	6	0	0	4	0	0	0	0	6	0	34	6	0	0	4	0	0	0	0	6	0
runtime/test/fleet/mcp/toolchain_request_test.exs	341	38	0	9	66	0	1	0	0	47	0	341	38	0	9	66	0	1	0	0	47	0
runtime/test/fleet/modops_consumption_test.exs	128	30	0	14	15	0	1	0	0	44	0	128	30	0	14	15	0	1	0	0	44	0
runtime/test/fleet/observation/bind_address_test.exs	90	9	0	21	13	0	1	0	0	30	0	90	9	0	21	13	0	1	0	0	30	0
runtime/test/fleet/observation/deck_stylesheet_test.exs	74	6	0	22	9	0	1	0	0	28	0	74	6	0	22	9	0	1	0	0	28	0
runtime/test/fleet/observation/deck_test.exs	325	74	0	4	51	0	1	0	0	78	0	325	74	0	4	51	0	1	0	0	78	0
runtime/test/fleet/observation/read_model_test.exs	132	22	0	5	22	0	1	0	0	27	0	132	22	0	5	22	0	1	0	0	27	0
runtime/test/fleet/opts_exported_test.exs	20	5	0	0	3	0	0	0	0	5	0	20	5	0	0	3	0	0	0	0	5	0
runtime/test/fleet/os_probe_test.exs	163	36	0	0	28	0	0	0	0	36	0	163	36	0	0	28	0	0	0	0	36	0
runtime/test/fleet/periodic_check_test.exs	168	13	0	7	37	0	1	0	0	20	0	168	13	0	7	37	0	1	0	0	20	0
runtime/test/fleet/pilot/application_step_guards_test.exs	283	52	0	0	43	0	0	0	0	52	0	283	52	0	0	43	0	0	0	0	52	0
runtime/test/fleet/pilot/application_step_status_test.exs	222	64	0	0	34	0	0	0	0	64	0	222	64	0	0	34	0	0	0	0	64	0
runtime/test/fleet/pilot/application_test.exs	215	22	0	0	22	0	0	0	0	22	0	215	22	0	0	22	0	0	0	0	22	0
runtime/test/fleet/pilot/arch_feed_test.exs	228	6	0	7	46	0	1	0	0	13	0	228	6	0	7	46	0	1	0	0	13	0
runtime/test/fleet/pilot/arch_wake_test.exs	156	35	0	0	26	0	0	0	0	35	0	156	35	0	0	26	0	0	0	0	35	0
runtime/test/fleet/pilot/awaits_arch_drain_test.exs	103	3	0	12	19	0	1	0	0	15	0	103	3	0	12	19	0	1	0	0	15	0
runtime/test/fleet/pilot/brief_builder_gray_zone_digest_test.exs	31	6	0	0	5	0	0	0	0	6	0	31	6	0	0	5	0	0	0	0	6	0
runtime/test/fleet/pilot/brief_builder_test.exs	783	124	0	10	118	0	1	0	0	134	0	783	124	0	10	118	0	1	0	0	134	0
runtime/test/fleet/pilot/card_jury_catalogue_scope_test.exs	168	43	0	15	24	0	1	0	0	58	0	168	43	0	15	24	0	1	0	0	58	0
runtime/test/fleet/pilot/chain_integration_test.exs	540	66	0	10	90	0	1	0	0	76	0	540	66	0	10	90	0	1	0	0	76	0
runtime/test/fleet/pilot/completion_outbox_replay_test.exs	151	24	0	15	25	0	1	0	0	39	0	151	24	0	15	25	0	1	0	0	39	0
runtime/test/fleet/pilot/completion_outbox_test.exs	98	7	0	14	15	0	1	0	0	21	0	98	7	0	14	15	0	1	0	0	21	0
runtime/test/fleet/pilot/conflict_apply_test.exs	142	22	0	0	27	0	0	0	0	22	0	142	22	0	0	27	0	0	0	0	22	0
runtime/test/fleet/pilot/conflict_probe_test.exs	333	57	0	0	55	0	0	0	0	57	0	333	57	0	0	55	0	0	0	0	57	0
runtime/test/fleet/pilot/conflict_report_test.exs	128	2	0	11	18	0	1	0	0	13	0	128	2	0	11	18	0	1	0	0	13	0
runtime/test/fleet/pilot/forge_finch_test.exs	16	0	0	9	1	0	1	0	0	9	0	16	0	0	9	1	0	1	0	0	9	0
runtime/test/fleet/pilot/incident_consumer_test.exs	337	23	0	0	62	0	0	0	0	23	0	337	23	0	0	62	0	0	0	0	23	0
runtime/test/fleet/pilot/incident_registry/escalation_test.exs	226	14	0	11	32	0	1	0	0	25	0	226	14	0	11	32	0	1	0	0	25	0
runtime/test/fleet/pilot/incident_registry/store_test.exs	171	3	0	4	26	0	1	0	0	7	0	171	3	0	4	26	0	1	0	0	7	0
runtime/test/fleet/pilot/incident_registry_test.exs	991	138	0	0	153	0	0	0	0	138	0	991	138	0	0	153	0	0	0	0	138	0
runtime/test/fleet/pilot/issue_id_property_test.exs	103	24	0	8	8	0	1	0	0	32	0	103	24	0	8	8	0	1	0	0	32	0
runtime/test/fleet/pilot/issue_id_test.exs	24	0	0	0	4	0	0	0	0	0	0	24	0	0	0	4	0	0	0	0	0	0
runtime/test/fleet/pilot/merge_and_promote_comment_test.exs	141	20	0	8	21	0	1	0	0	28	0	141	20	0	8	21	0	1	0	0	28	0
runtime/test/fleet/pilot/merge_and_promote_reap_test.exs	130	5	0	15	24	0	1	0	0	20	0	130	5	0	15	24	0	1	0	0	20	0
runtime/test/fleet/pilot/merge_and_promote_test.exs	822	190	0	9	129	0	3	0	5	199	0	822	190	0	9	129	0	3	0	5	199	0
runtime/test/fleet/pilot/merge_and_promote_worktree_test.exs	171	53	0	7	23	0	1	0	0	60	0	171	53	0	7	23	0	1	0	0	60	0
runtime/test/fleet/pilot/merge_outcome_test.exs	47	9	0	0	9	0	0	0	0	9	0	47	9	0	0	9	0	0	0	0	9	0
runtime/test/fleet/pilot/offload_test.exs	279	27	0	6	43	0	1	0	0	33	0	279	27	0	6	43	0	1	0	0	33	0
runtime/test/fleet/pilot/pod_reaper_test.exs	148	15	0	7	25	0	1	0	0	22	0	148	15	0	7	25	0	1	0	0	22	0
runtime/test/fleet/pilot/poller/admission_test.exs	253	32	0	8	37	0	1	0	0	40	0	253	32	0	8	37	0	1	0	0	40	0
runtime/test/fleet/pilot/poller/admission_wait_test.exs	76	10	0	8	10	0	1	0	0	18	0	76	10	0	8	10	0	1	0	0	18	0
runtime/test/fleet/pilot/poller/backoff_test.exs	93	10	0	22	10	0	1	0	0	32	0	93	10	0	22	10	0	1	0	0	32	0
runtime/test/fleet/pilot/poller/lease_depends_test.exs	113	22	0	8	18	0	1	0	0	30	0	113	22	0	8	18	0	1	0	0	30	0
runtime/test/fleet/pilot/poller/lease_serialization_test.exs	331	43	0	10	63	0	1	0	0	53	0	331	43	0	10	63	0	1	0	0	53	0
runtime/test/fleet/pilot/poller/list_pods_count_test.exs	60	10	0	0	10	0	0	0	0	10	0	60	10	0	0	10	0	0	0	0	10	0
runtime/test/fleet/pilot/poller/reconciliation_facts_test.exs	730	110	0	9	96	0	1	0	0	119	0	730	110	0	9	96	0	1	0	0	119	0
runtime/test/fleet/pilot/poller/reconciliation_unreachable_tq_test.exs	279	67	0	0	42	0	0	0	0	67	0	279	67	0	0	42	0	0	0	0	67	0
runtime/test/fleet/pilot/poller_gitea_kick_test.exs	155	20	0	14	27	0	1	0	0	34	0	155	20	0	14	27	0	1	0	0	34	0
runtime/test/fleet/pilot/poller_telemetry_test.exs	201	42	0	9	39	0	1	0	0	51	0	201	42	0	9	39	0	1	0	0	51	0
runtime/test/fleet/pilot/poller_test.exs	1748	350	0	0	284	0	0	0	0	350	0	1748	350	0	0	284	0	0	0	0	350	0
runtime/test/fleet/pilot/step_dispatcher/arch_escalation_test.exs	182	19	0	9	28	0	1	0	0	28	0	182	19	0	9	28	0	1	0	0	28	0
runtime/test/fleet/pilot/step_dispatcher/project_resolver_test.exs	55	6	0	0	9	0	0	0	0	6	0	55	6	0	0	9	0	0	0	0	6	0
runtime/test/fleet/pilot/step_dispatcher/review_lifecycle/ci_gate_dispatch_test.exs	384	62	0	5	37	0	1	0	0	67	0	384	62	0	5	37	0	1	0	0	67	0
runtime/test/fleet/pilot/step_dispatcher/review_lifecycle/ci_gate_test.exs	495	99	0	0	78	0	0	0	1	99	0	495	99	0	0	78	0	0	0	1	99	0
runtime/test/fleet/pilot/step_dispatcher/review_lifecycle/merge_failure_dispatch_test.exs	415	105	0	6	45	0	1	0	0	111	0	415	105	0	6	45	0	1	0	0	111	0
runtime/test/fleet/pilot/step_dispatcher/review_lifecycle/remediation/conflict_ladder_test.exs	94	10	0	0	14	0	0	0	0	10	0	94	10	0	0	14	0	0	0	0	10	0
runtime/test/fleet/pilot/step_dispatcher/review_lifecycle/remediation_ci_escalation_test.exs	65	4	0	0	8	0	0	0	0	4	0	65	4	0	0	8	0	0	0	0	4	0
runtime/test/fleet/pilot/step_dispatcher/review_lifecycle/remediation_out_of_band_test.exs	91	0	0	7	12	0	1	0	0	7	0	91	0	0	7	12	0	1	0	0	7	0
runtime/test/fleet/pilot/step_dispatcher/review_lifecycle/rework_budget_dispatch_test.exs	203	33	0	5	32	0	1	0	0	38	0	203	33	0	5	32	0	1	0	0	38	0
runtime/test/fleet/pilot/step_dispatcher/review_lifecycle/role_dispatch_test.exs	100	9	0	11	15	0	1	0	0	20	0	100	9	0	11	15	0	1	0	0	20	0
runtime/test/fleet/pilot/step_dispatcher/review_lifecycle/verdict_exception_test.exs	177	36	0	0	25	0	0	0	0	36	0	177	36	0	0	25	0	0	0	0	36	0
runtime/test/fleet/pilot/step_dispatcher/spawn_capacity_test.exs	605	94	0	8	72	0	1	0	0	102	0	605	94	0	8	72	0	1	0	0	102	0
runtime/test/fleet/pilot/step_dispatcher/spawn_conflict_base_refresh_test.exs	109	3	0	6	18	0	1	0	0	9	0	109	3	0	6	18	0	1	0	0	9	0
runtime/test/fleet/pilot/step_dispatcher/spawn_naming_test.exs	85	16	0	7	11	0	1	0	0	23	0	85	16	0	7	11	0	1	0	0	23	0
runtime/test/fleet/pilot/step_dispatcher/spawn_repo_id_test.exs	66	11	0	11	10	0	1	0	1	22	0	66	11	0	11	10	0	1	0	1	22	0
runtime/test/fleet/pilot/step_dispatcher_gate_order_test.exs	257	26	0	9	36	0	1	0	0	35	0	257	26	0	9	36	0	1	0	0	35	0
runtime/test/fleet/pilot/step_dispatcher_spawn_as_role_test.exs	95	2	0	7	13	0	1	0	0	9	0	95	2	0	7	13	0	1	0	0	9	0
runtime/test/fleet/pilot/step_dispatcher_test.exs	1452	248	0	0	252	0	0	0	0	248	0	1452	248	0	0	252	0	0	0	0	248	0
runtime/test/fleet/pilot/step_run_completer/texts_test.exs	30	3	0	0	5	0	0	0	0	3	0	30	3	0	0	5	0	0	0	0	3	0
runtime/test/fleet/pilot/step_run_completer_as_role_test.exs	259	44	0	0	39	0	0	0	0	44	0	259	44	0	0	39	0	0	0	0	44	0
runtime/test/fleet/pilot/step_run_completer_spacing_test.exs	358	27	0	0	53	0	0	0	0	27	0	358	27	0	0	53	0	0	0	0	27	0
runtime/test/fleet/pilot/step_run_completer_test.exs	1588	194	0	0	279	0	0	0	3	194	0	1588	194	0	0	279	0	0	0	3	194	0
runtime/test/fleet/pilot/step_run_consumer/gate_engine_system_outputs_test.exs	97	6	0	9	13	0	1	0	1	15	0	97	6	0	9	13	0	1	0	1	15	0
runtime/test/fleet/pilot/step_run_consumer/gate_engine_test.exs	100	1	0	6	17	0	1	0	0	7	0	100	1	0	6	17	0	1	0	0	7	0
runtime/test/fleet/pilot/step_run_consumer/inflight_completions_test.exs	34	2	0	0	7	0	0	0	0	2	0	34	2	0	0	7	0	0	0	0	2	0
runtime/test/fleet/pilot/step_run_consumer/step_run_build_test.exs	199	20	0	0	29	0	0	0	0	20	0	199	20	0	0	29	0	0	0	0	20	0
runtime/test/fleet/pilot/step_run_consumer/terminal_escalation_test.exs	179	20	0	9	26	0	1	0	0	29	0	179	20	0	9	26	0	1	0	0	29	0
runtime/test/fleet/pilot/step_run_consumer/verdict_correction_flag_test.exs	44	17	0	13	3	0	1	0	0	30	0	44	17	0	13	3	0	1	0	0	30	0
runtime/test/fleet/pilot/step_run_consumer/verdict_correction_test.exs	220	22	0	5	39	0	1	0	7	27	0	220	22	0	5	39	0	1	0	7	27	0
runtime/test/fleet/pilot/step_run_consumer/verdict_findings_test.exs	161	36	0	0	25	0	0	0	0	36	0	161	36	0	0	25	0	0	0	0	36	0
runtime/test/fleet/pilot/step_run_consumer_default_seam_test.exs	32	9	0	0	6	0	0	0	0	9	0	32	9	0	0	6	0	0	0	0	9	0
runtime/test/fleet/pilot/step_run_consumer_gate_test.exs	1448	222	0	10	219	0	1	0	0	232	0	1448	222	0	10	219	0	1	0	0	232	0
runtime/test/fleet/pilot/step_run_consumer_producers_test.exs	175	14	0	11	22	0	1	0	0	25	0	175	14	0	11	22	0	1	0	0	25	0
runtime/test/fleet/pilot/step_run_consumer_test.exs	651	87	0	0	107	0	0	0	0	87	0	651	87	0	0	107	0	0	0	0	87	0
runtime/test/fleet/pilot/wake_recovery_test.exs	226	32	0	0	33	0	0	0	0	32	0	226	32	0	0	33	0	0	0	0	32	0
runtime/test/fleet/pilot/workflow_map_nav_test.exs	149	10	0	0	26	0	0	0	0	10	0	149	10	0	0	26	0	0	0	0	10	0
runtime/test/fleet/pod_id_test.exs	86	10	0	3	19	0	1	0	0	13	0	86	10	0	3	19	0	1	0	0	13	0
runtime/test/fleet/project/architect_test.exs	288	40	0	0	52	0	0	0	0	40	0	288	40	0	0	52	0	0	0	0	40	0
runtime/test/fleet/project/declaration_test.exs	376	79	0	6	54	0	1	0	0	85	0	376	79	0	6	54	0	1	0	0	85	0
runtime/test/fleet/project/incidents_test.exs	60	2	0	7	9	0	1	0	0	9	0	60	2	0	7	9	0	1	0	0	9	0
runtime/test/fleet/project/onboard/adopt_test.exs	223	21	0	6	35	0	1	0	0	27	0	223	21	0	6	35	0	1	0	0	27	0
runtime/test/fleet/project/onboard/card_revision_test.exs	429	53	0	6	71	0	1	0	0	59	0	429	53	0	6	71	0	1	0	0	59	0
runtime/test/fleet/project/onboard/close_open_test.exs	262	28	0	7	44	0	1	0	0	35	0	262	28	0	7	44	0	1	0	0	35	0
runtime/test/fleet/project/onboard/compensation_test.exs	532	104	0	8	86	0	1	0	0	112	0	532	104	0	8	86	0	1	0	0	112	0
runtime/test/fleet/project/onboard/import_external_test.exs	328	43	0	7	60	0	1	0	0	50	0	328	43	0	7	60	0	1	0	0	50	0
runtime/test/fleet/project/onboard/list_projects_test.exs	154	10	0	11	28	0	1	0	0	21	0	154	10	0	11	28	0	1	0	0	21	0
runtime/test/fleet/project/onboard/reconcile_test.exs	158	21	0	17	28	0	1	0	0	38	0	158	21	0	17	28	0	1	0	0	38	0
runtime/test/fleet/project/onboard/scaffold_test.exs	351	103	0	0	53	0	0	0	0	103	0	351	103	0	0	53	0	0	0	0	103	0
runtime/test/fleet/project/onboard/store_gate_test.exs	154	22	0	28	26	0	1	0	0	50	0	154	22	0	28	26	0	1	0	0	50	0
runtime/test/fleet/project/onboard_migrate_test.exs	268	41	0	12	42	0	1	0	0	53	0	268	41	0	12	42	0	1	0	0	53	0
runtime/test/fleet/project/onboard_preflight_test.exs	162	37	0	28	18	0	1	0	0	65	0	162	37	0	28	18	0	1	0	0	65	0
runtime/test/fleet/project/onboard_test.exs	619	141	0	9	86	0	1	0	0	150	0	619	141	0	9	86	0	1	0	0	150	0
runtime/test/fleet/project/probe_predicate_test.exs	468	119	0	22	70	0	1	0	0	141	0	468	119	0	22	70	0	1	0	0	141	0
runtime/test/fleet/project/project_template_workflows_test.exs	180	44	0	13	29	0	1	0	0	57	0	180	44	0	13	29	0	1	0	0	57	0
runtime/test/fleet/project/roles_structural_test.exs	236	57	0	9	38	0	1	0	0	66	0	236	57	0	9	38	0	1	0	0	66	0
runtime/test/fleet/project/roles_test.exs	236	45	0	4	36	0	1	0	0	49	0	236	45	0	4	36	0	1	0	0	49	0
runtime/test/fleet/project/template_material_test.exs	124	13	0	15	19	0	1	0	0	28	0	124	13	0	15	19	0	1	0	0	28	0
runtime/test/fleet/project/worktree_sync_test.exs	297	54	0	7	51	0	1	0	0	61	0	297	54	0	7	51	0	1	0	0	61	0
runtime/test/fleet/project_bootstrap/clone_test.exs	777	157	0	0	121	0	0	0	0	157	0	777	157	0	0	121	0	0	0	0	157	0
runtime/test/fleet/project_bootstrap/trailer_hook_test.exs	198	20	0	16	37	0	1	0	0	36	0	198	20	0	16	37	0	1	0	0	36	0
runtime/test/fleet/publish/in_flight_test.exs	46	0	0	5	9	0	1	0	0	5	0	46	0	0	5	9	0	1	0	0	5	0
runtime/test/fleet/reception_filter_test.exs	58	2	0	0	9	0	0	0	0	2	0	58	2	0	0	9	0	0	0	0	2	0
runtime/test/fleet/release_door_test.exs	57	12	0	8	9	0	1	0	0	20	0	57	12	0	8	9	0	1	0	0	20	0
runtime/test/fleet/roster_test.exs	82	2	0	10	15	0	1	0	0	12	0	82	2	0	10	15	0	1	0	0	12	0
runtime/test/fleet/runtime_exs_guard_b_test.exs	92	7	0	15	12	0	1	0	0	22	0	92	7	0	15	12	0	1	0	0	22	0
runtime/test/fleet/schema_cache_test.exs	158	14	0	8	31	0	1	0	0	22	0	158	14	0	8	31	0	1	0	0	22	0
runtime/test/fleet/seam_key_naming_test.exs	166	34	0	31	18	0	1	0	0	65	0	166	34	0	31	18	0	1	0	0	65	0
runtime/test/fleet/shutdown/quiesce_test.exs	138	20	0	0	26	0	0	0	0	20	0	138	20	0	0	26	0	0	0	0	20	0
runtime/test/fleet/slug_property_test.exs	192	55	0	10	21	0	1	0	0	65	0	192	55	0	10	21	0	1	0	0	65	0
runtime/test/fleet/slug_test.exs	125	7	0	6	16	0	1	0	0	13	0	125	7	0	6	16	0	1	0	0	13	0
runtime/test/fleet/sp_builder/blocks_test.exs	225	39	0	0	41	0	0	0	0	39	0	225	39	0	0	41	0	0	0	0	39	0
runtime/test/fleet/sp_builder/repo_sections_test.exs	223	32	0	4	42	0	1	0	0	36	0	223	32	0	4	42	0	1	0	0	36	0
runtime/test/fleet/sp_builder/sp_image_invariants_test.exs	181	36	0	11	27	0	1	0	0	47	0	181	36	0	11	27	0	1	0	0	47	0
runtime/test/fleet/sp_builder_image_parity_test.exs	126	15	0	13	20	0	1	0	0	28	0	126	15	0	13	20	0	1	0	0	28	0
runtime/test/fleet/sp_builder_image_test.exs	394	82	0	4	63	0	1	0	0	86	0	394	82	0	4	63	0	1	0	0	86	0
runtime/test/fleet/sp_builder_monk_test.exs	84	7	0	6	13	0	1	0	0	13	0	84	7	0	6	13	0	1	0	0	13	0
runtime/test/fleet/sp_builder_test.exs	527	104	0	0	97	0	0	0	0	104	0	527	104	0	0	97	0	0	0	0	104	0
runtime/test/fleet/spawner/bwrap_launch_contract_test.exs	55	16	0	0	7	0	0	0	0	16	0	55	16	0	0	7	0	0	0	0	16	0
runtime/test/fleet/spawner/canon_proof_test.exs	73	8	0	6	11	0	1	0	0	14	0	73	8	0	6	11	0	1	0	0	14	0
runtime/test/fleet/spawner/launch_backend/launcher_port_backend_test.exs	100	5	0	5	12	0	1	0	0	10	0	100	5	0	5	12	0	1	0	0	10	0
runtime/test/fleet/spawner/launch_backend_test.exs	41	5	0	0	7	0	0	0	0	5	0	41	5	0	0	7	0	0	0	0	5	0
runtime/test/fleet/spawner/permanent_boot_test.exs	442	48	0	9	62	0	1	0	0	57	0	442	48	0	9	62	0	1	0	0	57	0
runtime/test/fleet/spawner/permanent_warden_test.exs	314	50	0	4	55	0	1	0	0	54	0	314	50	0	4	55	0	1	0	0	54	0
runtime/test/fleet/spawner/pod/assets_protocol_test.exs	110	9	0	12	17	0	1	0	0	21	0	110	9	0	12	17	0	1	0	0	21	0
runtime/test/fleet/spawner/pod/assets_settings_test.exs	53	5	0	7	9	0	1	0	0	12	0	53	5	0	7	9	0	1	0	0	12	0
runtime/test/fleet/spawner/pod/brief_test.exs	43	4	0	0	7	0	0	0	0	4	0	43	4	0	0	7	0	0	0	0	4	0
runtime/test/fleet/spawner/pod/completed_payload_test.exs	146	16	0	0	26	0	0	0	0	16	0	146	16	0	0	26	0	0	0	0	16	0
runtime/test/fleet/spawner/pod/egress_test.exs	527	79	0	11	96	0	1	0	0	90	0	527	79	0	11	96	0	1	0	0	90	0
runtime/test/fleet/spawner/pod/events_test.exs	57	0	0	6	8	0	1	0	0	6	0	57	0	0	6	8	0	1	0	0	6	0
runtime/test/fleet/spawner/pod/launch_spec_compression_test.exs	103	11	0	13	16	0	1	0	0	24	0	103	11	0	13	16	0	1	0	0	24	0
runtime/test/fleet/spawner/pod/launch_spec_debug_test.exs	76	12	0	0	15	0	0	0	0	12	0	76	12	0	0	15	0	0	0	0	12	0
runtime/test/fleet/spawner/pod/launch_spec_test.exs	559	97	0	0	96	0	0	0	0	97	0	559	97	0	0	96	0	0	0	0	97	0
runtime/test/fleet/spawner/pod/liveness_test.exs	132	25	0	5	19	0	1	0	0	30	0	132	25	0	5	19	0	1	0	0	30	0
runtime/test/fleet/spawner/pod/mcp_provision_test.exs	33	5	0	0	7	0	0	0	0	5	0	33	5	0	0	7	0	0	0	0	5	0
runtime/test/fleet/spawner/pod/scaffold_enrich_test.exs	117	16	0	0	24	0	0	0	0	16	0	117	16	0	0	24	0	0	0	0	16	0
runtime/test/fleet/spawner/pod/turn_flag_test.exs	66	7	0	5	12	0	1	0	0	12	0	66	7	0	5	12	0	1	0	0	12	0
runtime/test/fleet/spawner/pod_kick_repl_up_test.exs	68	4	0	8	11	0	1	0	0	12	0	68	4	0	8	11	0	1	0	0	12	0
runtime/test/fleet/spawner/pod_kick_test.exs	188	24	0	15	36	0	1	0	0	39	0	188	24	0	15	36	0	1	0	0	39	0
runtime/test/fleet/spawner/pod_skills_plugins_test.exs	58	0	0	10	8	0	1	0	0	10	0	58	0	0	10	8	0	1	0	0	10	0
runtime/test/fleet/spawner/pod_test.exs	2781	440	0	0	521	0	0	0	0	440	0	2781	440	0	0	521	0	0	0	0	440	0
runtime/test/fleet/spawner/pod_tmux_test.exs	126	26	0	0	21	0	0	0	0	26	0	126	26	0	0	21	0	0	0	0	26	0
runtime/test/fleet/spawner/pod_warden_gc_test.exs	104	14	0	0	19	0	0	0	0	14	0	104	14	0	0	19	0	0	0	0	14	0
runtime/test/fleet/spawner/pod_warden_test.exs	237	34	0	0	38	0	0	0	0	34	0	237	34	0	0	38	0	0	0	0	34	0
runtime/test/fleet/spawner/pool_slot_survivor_test.exs	81	2	0	8	16	0	1	0	0	10	0	81	2	0	8	16	0	1	0	0	10	0
runtime/test/fleet/spawner/pool_slot_test.exs	166	31	0	12	27	0	1	0	0	43	0	166	31	0	12	27	0	1	0	0	43	0
runtime/test/fleet/spawner/publish_consumer_test.exs	446	55	0	4	71	0	1	0	0	59	0	446	55	0	4	71	0	1	0	0	59	0
runtime/test/fleet/spawner/quiesce_gate_test.exs	80	6	0	12	15	0	1	0	0	18	0	80	6	0	12	15	0	1	0	0	18	0
runtime/test/fleet/spawner/recovery_test.exs	33	8	0	0	5	0	0	0	0	8	0	33	8	0	0	5	0	0	0	0	8	0
runtime/test/fleet/spawner/restart_strategy_test.exs	17	5	0	0	1	0	0	0	0	5	0	17	5	0	0	1	0	0	0	0	5	0
runtime/test/fleet/spawner/seam_defaults_test.exs	45	5	0	24	4	0	1	0	0	29	0	45	5	0	24	4	0	1	0	0	29	0
runtime/test/fleet/spawner/seed_store_test.exs	649	91	0	1	121	0	1	0	0	92	0	649	91	0	1	121	0	1	0	0	92	0
runtime/test/fleet/spawner/session_id_test.exs	165	21	0	8	24	0	1	0	0	29	0	165	21	0	8	24	0	1	0	0	29	0
runtime/test/fleet/spawner_test.exs	814	143	0	0	133	0	0	0	1	143	0	814	143	0	0	133	0	0	0	1	143	0
runtime/test/fleet/system_config_test.exs	74	10	0	5	14	0	1	0	0	15	0	74	10	0	5	14	0	1	0	0	15	0
runtime/test/fleet/task_queue_test.exs	806	162	0	8	145	0	1	0	0	170	0	806	162	0	8	145	0	1	0	0	170	0
runtime/test/fleet/toolchain_test.exs	217	30	0	7	33	0	1	0	0	37	0	217	30	0	7	33	0	1	0	0	37	0
runtime/test/fleet/workflow/brief_artifact_test.exs	298	45	0	6	53	0	1	0	0	51	0	298	45	0	6	53	0	1	0	0	51	0
runtime/test/fleet/workflow/brief_template_test.exs	43	2	0	4	6	0	1	0	0	6	0	43	2	0	4	6	0	1	0	0	6	0
runtime/test/fleet/workflow/card_roles_test.exs	243	39	0	0	34	0	0	0	0	39	0	243	39	0	0	34	0	0	0	0	39	0
runtime/test/fleet/workflow/catalogue_guards_test.exs	44	0	0	5	4	0	1	0	0	5	0	44	0	0	5	4	0	1	0	0	5	0
runtime/test/fleet/workflow/deliverable_gate_test.exs	498	95	0	0	88	0	0	0	0	95	0	498	95	0	0	88	0	0	0	0	95	0
runtime/test/fleet/workflow/deliverable_gate_timeout_test.exs	43	11	0	0	8	0	0	0	0	11	0	43	11	0	0	8	0	0	0	0	11	0
runtime/test/fleet/workflow/deliverable_gate_trailer_test.exs	187	6	0	5	34	0	1	0	0	11	0	187	6	0	5	34	0	1	0	0	11	0
runtime/test/fleet/workflow/deliverable_test.exs	476	36	0	0	68	0	0	0	0	36	0	476	36	0	0	68	0	0	0	0	36	0
runtime/test/fleet/workflow/gate_brief_findings_contract_test.exs	34	11	0	0	3	0	0	0	0	11	0	34	11	0	0	3	0	0	0	0	11	0
runtime/test/fleet/workflow/gate_brief_test.exs	117	14	0	1	16	0	1	0	0	15	0	117	14	0	1	16	0	1	0	0	15	0
runtime/test/fleet/workflow/gate_decision_test.exs	87	14	0	5	12	0	1	0	0	19	0	87	14	0	5	12	0	1	0	0	19	0
runtime/test/fleet/workflow/gates_predicate_property_test.exs	171	35	0	12	20	0	1	0	0	47	0	171	35	0	12	20	0	1	0	0	47	0
runtime/test/fleet/workflow/gates_predicate_test.exs	150	14	0	4	26	0	1	0	0	18	0	150	14	0	4	26	0	1	0	0	18	0
runtime/test/fleet/workflow/gates_test.exs	199	22	0	0	32	0	0	0	0	22	0	199	22	0	0	32	0	0	0	0	22	0
runtime/test/fleet/workflow/git_test.exs	377	60	0	0	75	0	0	0	0	60	0	377	60	0	0	75	0	0	0	0	60	0
runtime/test/fleet/workflow/graph_validator_property_test.exs	194	46	0	15	30	0	1	0	0	61	0	194	46	0	15	30	0	1	0	0	61	0
runtime/test/fleet/workflow/graph_validator_test.exs	111	7	0	4	17	0	1	0	0	11	0	111	7	0	4	17	0	1	0	0	11	0
runtime/test/fleet/workflow/loader_test.exs	367	31	0	0	45	0	0	0	0	31	0	367	31	0	0	45	0	0	0	0	31	0
runtime/test/fleet/workflow/ops_object_sync_test.exs	468	84	0	8	84	0	1	0	0	92	0	468	84	0	8	84	0	1	0	0	92	0
runtime/test/fleet/workflow/payload_guard_race_test.exs	101	8	0	16	18	0	1	0	0	24	0	101	8	0	16	18	0	1	0	0	24	0
runtime/test/fleet/workflow/pinning_test.exs	205	20	0	11	38	0	1	0	0	31	0	205	20	0	11	38	0	1	0	0	31	0
runtime/test/fleet/workflow/provenance_test.exs	130	12	0	5	23	0	1	0	0	17	0	130	12	0	5	23	0	1	0	0	17	0
runtime/test/fleet/workflow/provenance_verifier_test.exs	143	8	0	5	25	0	1	0	0	13	0	143	8	0	5	25	0	1	0	0	13	0
runtime/test/fleet/workflow/step_outputs_test.exs	141	7	0	0	28	0	0	0	1	7	0	141	7	0	0	28	0	0	0	1	7	0
runtime/test/mix/bare_alias_check_test.exs	108	3	0	14	16	0	1	0	0	17	0	108	3	0	14	16	0	1	0	0	17	0
runtime/test/mix/boot_artifact_check_test.exs	403	40	0	20	71	0	1	0	0	60	0	403	40	0	20	71	0	1	0	0	60	0
runtime/test/mix/cap_profile_project_keys_check_test.exs	134	12	0	13	22	0	1	0	0	25	0	134	12	0	13	22	0	1	0	0	25	0
runtime/test/mix/capabilities_exercisable_check_test.exs	143	11	0	12	24	0	1	0	0	23	0	143	11	0	12	24	0	1	0	0	23	0
runtime/test/mix/catalogue_enumerations_check_test.exs	127	10	0	16	23	0	1	0	0	26	0	127	10	0	16	23	0	1	0	0	26	0
runtime/test/mix/catalogue_family_check_test.exs	277	24	0	14	46	0	1	0	0	38	0	277	24	0	14	46	0	1	0	0	38	0
runtime/test/mix/catalogue_roles_test.exs	213	59	0	22	29	0	1	0	0	81	0	213	59	0	22	29	0	1	0	0	81	0
runtime/test/mix/derniers_murs_check_test.exs	892	98	0	21	153	0	1	0	0	119	0	892	98	0	21	153	0	1	0	0	119	0
runtime/test/mix/eval_doors_stdout_check_test.exs	255	46	0	23	36	0	1	0	0	69	0	255	46	0	23	36	0	1	0	0	69	0
runtime/test/mix/events_family_check_test.exs	392	37	0	23	59	0	1	0	0	60	0	392	37	0	23	59	0	1	0	0	60	0
runtime/test/mix/forge_fields_check_test.exs	132	9	0	14	23	0	1	0	0	23	0	132	9	0	14	23	0	1	0	0	23	0
runtime/test/mix/gate_composition_test.exs	136	28	0	11	19	0	1	0	0	39	0	136	28	0	11	19	0	1	0	0	39	0
runtime/test/mix/layout_single_source_check_test.exs	347	61	0	27	45	0	1	0	0	88	0	347	61	0	27	45	0	1	0	0	88	0
runtime/test/mix/lcars_contracts_check_test.exs	799	139	0	13	125	0	1	0	0	152	0	799	139	0	13	125	0	1	0	0	152	0
runtime/test/mix/no_check_passes_on_nothing_test.exs	209	81	0	18	17	0	1	0	0	99	0	209	81	0	18	17	0	1	0	0	99	0
runtime/test/mix/proven_image_regime_check_test.exs	114	6	0	17	17	0	1	0	0	23	0	114	6	0	17	17	0	1	0	0	23	0
runtime/test/mix/runtime_family_check_test.exs	404	35	0	20	69	0	1	0	0	55	0	404	35	0	20	69	0	1	0	0	55	0
runtime/test/mix/seam_surface_check_test.exs	171	12	0	11	30	0	1	0	0	23	0	171	12	0	11	30	0	1	0	0	23	0
runtime/test/mix/single_source_family_check_test.exs	325	31	0	25	54	0	1	0	0	56	0	325	31	0	25	54	0	1	0	0	56	0
runtime/test/mix/slug_witness_test.exs	96	10	0	15	15	0	1	0	0	25	0	96	10	0	15	15	0	1	0	0	25	0
runtime/test/mix/test_corpora_check_test.exs	174	30	0	12	31	0	1	0	0	42	0	174	30	0	12	31	0	1	0	0	42	0
runtime/test/mix/test_view_test.exs	138	5	0	9	23	0	1	0	0	14	0	138	5	0	9	23	0	1	0	0	14	0
runtime/test/mix/tests_corpus_walls_check_test.exs	281	52	0	20	35	0	1	0	0	72	0	281	52	0	20	35	0	1	0	0	72	0
runtime/test/mix/tool_descriptions_check_test.exs	136	20	0	24	19	0	1	0	0	44	0	136	20	0	24	19	0	1	0	0	44	0
runtime/test/mix/tool_effects_check_test.exs	134	10	0	11	23	0	1	0	0	21	0	134	10	0	11	23	0	1	0	0	21	0
runtime/test/mix/tools_gated_check_test.exs	264	12	0	12	40	0	1	0	0	24	0	264	12	0	12	40	0	1	0	0	24	0
runtime/test/support/authority_double.ex	174	19	0	41	23	3	1	0	0	60	0	174	19	0	41	23	3	1	0	0	60	0
runtime/test/support/barrier.ex	74	2	0	63	3	1	1	0	0	65	0	74	2	0	63	3	1	1	0	0	65	0
runtime/test/support/cap_profile_fixture.ex	50	2	0	19	8	1	1	0	0	21	0	50	2	0	19	8	1	1	0	0	21	0
runtime/test/support/catalogue_isolation.ex	48	0	0	23	7	1	1	0	0	23	0	48	0	0	23	7	1	1	0	0	23	0
runtime/test/support/forge/payload_fixture.ex	99	16	0	26	13	4	1	0	0	42	0	99	16	0	26	13	4	1	0	0	42	0
runtime/test/support/os_probe.ex	108	5	0	60	7	3	1	0	0	65	0	108	5	0	60	7	3	1	0	0	65	0
runtime/test/support/pilot/biz_catalogue_fixture.ex	133	8	0	21	15	3	1	0	0	29	0	133	8	0	21	15	3	1	0	0	29	0
runtime/test/support/pilot/cold_forge_stub.ex	19	0	0	9	3	1	1	0	1	9	0	19	0	0	9	3	1	1	0	1	9	0
runtime/test/support/pilot/dispatcher_bench.ex	406	75	0	9	55	0	1	0	9	84	0	406	75	0	9	55	0	1	0	9	84	0
runtime/test/support/pilot/forge_stubs.ex	137	36	0	23	19	0	4	0	0	59	0	137	36	0	23	19	0	4	0	0	59	0
runtime/test/support/pilot/poller_bench.ex	507	127	0	8	63	0	1	0	18	135	0	507	127	0	8	63	0	1	0	18	135	0
runtime/test/support/pilot/provenance_wall_harness.ex	104	1	0	11	16	3	2	0	0	12	0	104	1	0	11	16	3	2	0	0	12	0
runtime/test/support/pilot/stub_task_queue.ex	22	0	0	14	1	0	1	0	0	14	0	22	0	0	14	1	0	1	0	0	14	0
runtime/test/support/probe_seam.ex	10	0	0	5	1	0	1	0	0	5	0	10	0	0	5	1	0	1	0	0	5	0
runtime/test/support/spawner/launch_stub.ex	32	0	0	0	6	0	0	0	1	0	0	32	0	0	0	6	0	0	0	1	0	0
runtime/test/support/spawner/mcp_socket_stub.ex	29	10	0	6	3	2	0	0	1	16	0	29	10	0	6	3	2	0	0	1	16	0
runtime/test/support/test_env.ex	147	8	0	83	10	5	1	0	0	91	0	147	8	0	83	10	5	1	0	0	91	0
runtime/test/support/time_formatter.ex	57	4	0	17	6	0	1	0	0	21	0	57	4	0	17	6	0	1	0	0	21	0
runtime/test/test_helper.exs	77	49	0	0	5	0	0	0	0	49	0	77	49	0	0	5	0	0	0	0	49	0
